 +0.000000, +0.000000, +0.334810, +0.000000, +0.000000, +0.000000, +1.000000, +0.000000, +0.700000, -1.500000, +0.000000, +0.700000, -1.500000, +0.000000, +0.700000, -1.500000, +0.000000, +0.700000, -1.500000
 +0.000906, -0.000000, +0.335380, +0.000003, -0.003432, -0.000000, +0.999994, -0.000005, +0.703639, -1.487200, -0.000005, +0.703641, -1.487206, -0.000007, +0.712422, -1.505508, -0.000007, +0.712423, -1.505512
 +0.002346, -0.000001, +0.336346, +0.000005, -0.008464, -0.000001, +0.999964, -0.000007, +0.708682, -1.467348, -0.000007, +0.708685, -1.467359, -0.000010, +0.730635, -1.512669, -0.000010, +0.730637, -1.512676
 +0.004069, -0.000001, +0.337579, +0.000005, -0.013893, -0.000002, +0.999903, -0.000006, +0.713696, -1.444311, -0.000006, +0.713700, -1.444325, -0.000010, +0.750293, -1.519062, -0.000010, +0.750294, -1.519070
 +0.005907, -0.000001, +0.338980, +0.000004, -0.018974, -0.000002, +0.999820, -0.000001, +0.717911, -1.420682, -0.000001, +0.717915, -1.420697, -0.000006, +0.768695, -1.523338, -0.000006, +0.768696, -1.523346
 +0.007756, -0.000002, +0.340470, +0.000002, -0.023295, -0.000002, +0.999729, +0.000005, +0.721027, -1.398135, +0.000005, +0.721031, -1.398150, -0.000000, +0.784342, -1.524921, -0.000000, +0.784342, -1.524929
 +0.009552, -0.000003, +0.341990, -0.000000, -0.026677, -0.000002, +0.999644, +0.000010, +0.723034, -1.377674, +0.000010, +0.723038, -1.377688, +0.000006, +0.796576, -1.523751, +0.000006, +0.796577, -1.523759
 +0.011261, -0.000003, +0.343489, -0.000002, -0.029092, -0.000001, +0.999577, +0.000015, +0.724077, -1.359815, +0.000015, +0.724082, -1.359827, +0.000013, +0.805310, -1.520084, +0.000013, +0.805313, -1.520092
 +0.012866, -0.000004, +0.344932, -0.000004, -0.030610, +0.000000, +0.999531, +0.000018, +0.724367, -1.344729, +0.000018, +0.724373, -1.344740, +0.000020, +0.810813, -1.514351, +0.000020, +0.810820, -1.514363
 +0.014364, -0.000004, +0.346291, -0.000004, -0.031353, +0.000002, +0.999508, +0.000019, +0.724127, -1.332351, +0.000019, +0.724136, -1.332359, +0.000026, +0.813558, -1.507061, +0.000026, +0.813572, -1.507078
 +0.015756, -0.000005, +0.347548, -0.000004, -0.031470, +0.000005, +0.999505, +0.000018, +0.723565, -1.322464, +0.000018, +0.723577, -1.322471, +0.000032, +0.814107, -1.498732, +0.000032, +0.814129, -1.498756
 +0.017047, -0.000006, +0.348689, -0.000004, -0.031110, +0.000009, +0.999516, +0.000015, +0.722855, -1.314775, +0.000015, +0.722872, -1.314779, +0.000037, +0.813032, -1.489850, +0.000037, +0.813066, -1.489884
 +0.018245, -0.000007, +0.349707, -0.000002, -0.030414, +0.000013, +0.999537, +0.000010, +0.722135, -1.308956, +0.000010, +0.722159, -1.308958, +0.000043, +0.810864, -1.480843, +0.000043, +0.810912, -1.480889
 +0.019355, -0.000007, +0.350601, -0.000000, -0.029506, +0.000019, +0.999565, +0.000003, +0.721509, -1.304687, +0.000003, +0.721540, -1.304686, +0.000049, +0.808065, -1.472067, +0.000049, +0.808131, -1.472127
 +0.020381, -0.000008, +0.351371, +0.000002, -0.028489, +0.000025, +0.999594, -0.000005, +0.721048, -1.301676, -0.000005, +0.721087, -1.301671, +0.000056, +0.805012, -1.463807, +0.000056, +0.805098, -1.463884
 +0.021327, -0.000009, +0.352019, +0.000004, -0.027443, +0.000032, +0.999623, -0.000014, +0.720794, -1.299675, -0.000014, +0.720844, -1.299665, +0.000065, +0.801997, -1.456276, +0.000065, +0.802107, -1.456372
 +0.022194, -0.000011, +0.352550, +0.000006, -0.026429, +0.000041, +0.999651, -0.000024, +0.720772, -1.298479, -0.000024, +0.720832, -1.298464, +0.000074, +0.799234, -1.449627, +0.000074, +0.799370, -1.449745
 +0.022982, -0.000012, +0.352967, +0.000009, -0.025491, +0.000050, +0.999675, -0.000034, +0.720988, -1.297934, -0.000034, +0.721060, -1.297912, +0.000085, +0.796869, -1.443962, +0.000086, +0.797033, -1.444104
 +0.023690, -0.000014, +0.353275, +0.000011, -0.024657, +0.000060, +0.999696, -0.000045, +0.721439, -1.297926, -0.000045, +0.721524, -1.297897, +0.000098, +0.794991, -1.439345, +0.000098, +0.795187, -1.439512
 +0.024314, -0.000015, +0.353477, +0.000014, -0.023943, +0.000071, +0.999713, -0.000056, +0.722116, -1.298382, -0.000056, +0.722215, -1.298345, +0.000113, +0.793653, -1.435810, +0.000113, +0.793882, -1.436005
 +0.024853, -0.000017, +0.353575, +0.000016, -0.023360, +0.000083, +0.999727, -0.000067, +0.723008, -1.299263, -0.000067, +0.723122, -1.299216, +0.000130, +0.792874, -1.433377, +0.000130, +0.793139, -1.433601
 +0.025301, -0.000019, +0.353571, +0.000018, -0.022911, +0.000095, +0.999738, -0.000078, +0.724103, -1.300554, -0.000078, +0.724232, -1.300497, +0.000149, +0.792656, -1.432057, +0.000149, +0.792960, -1.432312
 +0.025654, -0.000022, +0.353463, +0.000020, -0.022593, +0.000108, +0.999745, -0.000089, +0.725391, -1.302266, -0.000089, +0.725538, -1.302200, +0.000169, +0.792989, -1.431857, +0.000169, +0.793334, -1.432145
 +0.025908, -0.000024, +0.353249, +0.000022, -0.022405, +0.000122, +0.999749, -0.000099, +0.726866, -1.304428, -0.000099, +0.727030, -1.304352, +0.000191, +0.793856, -1.432787, +0.000191, +0.794245, -1.433111
 +0.026055, -0.000027, +0.352927, +0.000025, -0.022340, +0.000136, +0.999750, -0.000110, +0.728522, -1.307084, -0.000110, +0.728705, -1.306998, +0.000215, +0.795234, -1.434858, +0.000215, +0.795668, -1.435220
 +0.026089, -0.000030, +0.352490, +0.000027, -0.022391, +0.000151, +0.999749, -0.000120, +0.730352, -1.310292, -0.000120, +0.730556, -1.310198, +0.000240, +0.797093, -1.438083, +0.000240, +0.797574, -1.438484
 +0.026002, -0.000034, +0.351934, +0.000029, -0.022549, +0.000166, +0.999746, -0.000130, +0.732350, -1.314123, -0.000130, +0.732576, -1.314022, +0.000267, +0.799389, -1.442470, +0.000267, +0.799920, -1.442912
 +0.025785, -0.000038, +0.351253, +0.000032, -0.022800, +0.000182, +0.999740, -0.000140, +0.734500, -1.318658, -0.000140, +0.734749, -1.318550, +0.000295, +0.802062, -1.448016, +0.000296, +0.802645, -1.448502
 +0.025425, -0.000042, +0.350442, +0.000034, -0.023125, +0.000198, +0.999733, -0.000149, +0.736776, -1.323988, -0.000149, +0.737050, -1.323875, +0.000326, +0.805024, -1.454700, +0.000326, +0.805661, -1.455232
 +0.024910, -0.000047, +0.349495, +0.000037, -0.023499, +0.000214, +0.999724, -0.000159, +0.739134, -1.330212, -0.000159, +0.739434, -1.330096, +0.000357, +0.808147, -1.462470, +0.000358, +0.808840, -1.463051
 +0.024222, -0.000052, +0.348411, +0.000041, -0.023889, +0.000231, +0.999715, -0.000169, +0.741506, -1.337435, -0.000169, +0.741836, -1.337318, +0.000391, +0.811255, -1.471237, +0.000391, +0.812009, -1.471872
 +0.023340, -0.000058, +0.347190, +0.000045, -0.024250, +0.000249, +0.999706, -0.000180, +0.743793, -1.345762, -0.000180, +0.744156, -1.345646, +0.000426, +0.814112, -1.480861, +0.000426, +0.814931, -1.481554
 +0.022242, -0.000065, +0.345836, +0.000050, -0.024527, +0.000268, +0.999699, -0.000193, +0.745856, -1.355294, -0.000193, +0.746254, -1.355181, +0.000463, +0.816412, -1.491141, +0.000463, +0.817302, -1.491898
 +0.020896, -0.000072, +0.344361, +0.000056, -0.024654, +0.000289, +0.999696, -0.000208, +0.747505, -1.366112, -0.000208, +0.747944, -1.366005, +0.000502, +0.817773, -1.501805, +0.000502, +0.818740, -1.502634
 +0.019270, -0.000080, +0.342780, +0.000064, -0.024552, +0.000312, +0.999699, -0.000228, +0.748493, -1.378267, -0.000228, +0.748978, -1.378168, +0.000543, +0.817730, -1.512504, +0.000543, +0.818783, -1.513415
 +0.017322, -0.000089, +0.341121, +0.000073, -0.024135, +0.000338, +0.999709, -0.000253, +0.748505, -1.391757, -0.000253, +0.749045, -1.391669, +0.000586, +0.815739, -1.522804, +0.000586, +0.816889, -1.523808
 +0.015007, -0.000099, +0.339419, +0.000085, -0.023310, +0.000369, +0.999728, -0.000285, +0.747151, -1.406502, -0.000285, +0.747752, -1.406426, +0.000632, +0.811184, -1.532176, +0.000633, +0.812444, -1.533289
 +0.012272, -0.000111, +0.337724, +0.000099, -0.021987, +0.000404, +0.999758, -0.000326, +0.743953, -1.422309, -0.000326, +0.744627, -1.422245, +0.000682, +0.803390, -1.540002, +0.000683, +0.804775, -1.541240
 +0.009055, -0.000124, +0.336101, +0.000114, -0.020083, +0.000445, +0.999798, -0.000378, +0.738346, -1.438830, -0.000377, +0.739105, -1.438779, +0.000738, +0.791647, -1.545563, +0.000739, +0.793177, -1.546948
 +0.005291, -0.000138, +0.334631, +0.000131, -0.017539, +0.000494, +0.999846, -0.000440, +0.729673, -1.455505, -0.000440, +0.730532, -1.455466, +0.000801, +0.775247, -1.548048, +0.000802, +0.776944, -1.549604
 +0.000905, -0.000155, +0.333420, +0.000147, -0.014335, +0.000553, +0.999897, -0.000514, +0.717191, -1.471495, -0.000513, +0.718166, -1.471463, +0.000876, +0.753534, -1.546557, +0.000877, +0.755422, -1.548313
 -0.004185, -0.000174, +0.332595, +0.000161, -0.010514, +0.000623, +0.999945, -0.000599, +0.700094, -1.485580, -0.000598, +0.701204, -1.485550, +0.000967, +0.725966, -1.540114, +0.000968, +0.728073, -1.542102
 -0.010067, -0.000196, +0.332317, +0.000169, -0.006218, +0.000706, +0.999980, -0.000692, +0.677544, -1.496031, -0.000692, +0.678812, -1.495992, +0.001081, +0.692217, -1.527697, +0.001082, +0.694575, -1.529954
 -0.016835, -0.000221, +0.332780, +0.000167, -0.001741, +0.000806, +0.999998, -0.000792, +0.648747, -1.500412, -0.000791, +0.650196, -1.500349, +0.001225, +0.652304, -1.508296, +0.001227, +0.654948, -1.510863
 -0.024588, -0.000251, +0.334226, +0.000153, +0.002393, +0.000926, +0.999997, -0.000898, +0.613054, -1.495264, -0.000897, +0.614708, -1.495160, +0.001405, +0.606803, -1.481028, +0.001408, +0.609776, -1.483953
 -0.033423, -0.000285, +0.336948, +0.000127, +0.005292, +0.001068, +0.999985, -0.001018, +0.570105, -1.475566, -0.001016, +0.571990, -1.475407, +0.001617, +0.557210, -1.445376, +0.001620, +0.560567, -1.448725
 -0.043432, -0.000323, +0.341314, +0.000100, +0.005459, +0.001238, +0.999984, -0.001175, +0.519970, -1.433665, -0.001172, +0.522111, -1.433444, +0.001837, +0.506633, -1.401717, +0.001842, +0.510451, -1.405586
 -0.054684, -0.000366, +0.347792, +0.000098, +0.000331, +0.001440, +0.999999, -0.001413, +0.463019, -1.356800, -0.001409, +0.465433, -1.356535, +0.002022, +0.461250, -1.352521, +0.002027, +0.465643, -1.357057
 -0.067208, -0.000413, +0.357019, +0.000139, -0.014690, +0.001680, +0.999891, -0.001738, +0.398399, -1.220081, -0.001732, +0.401071, -1.219800, +0.002144, +0.433656, -1.305215, +0.002151, +0.438777, -1.310596
 -0.081019, -0.000463, +0.370007, +0.000229, -0.048548, +0.001966, +0.998819, -0.002081, +0.313852, -0.958161, -0.002075, +0.316690, -0.957864, +0.002240, +0.451077, -1.278856, +0.002249, +0.457108, -1.285201
 -0.095731, -0.000512, +0.387132, +0.000515, -0.115288, +0.002314, +0.993329, +0.094288, +0.179189, -1.176532, -0.097223, +0.181023, -1.176349, +0.002147, +0.566547, -1.316399, +0.002161, +0.573775, -1.323781
 -0.107968, -0.000556, +0.403464, +0.000933, -0.186036, +0.002670, +0.982539, +0.142399, +0.120904, -1.350240, -0.144006, +0.121781, -1.350180, +0.001903, +0.718749, -1.377730, +0.001923, +0.727238, -1.386006
 -0.118840, -0.000599, +0.419555, +0.001523, -0.258421, +0.003061, +0.966026, +0.153564, +0.097745, -1.484078, -0.154237, +0.097922, -1.484191, +0.001436, +0.896011, -1.447491, +0.001464, +0.905908, -1.456577
 -0.128907, -0.000641, +0.435392, +0.002250, -0.330399, +0.003503, +0.943832, +0.142533, +0.091219, -1.582889, -0.142769, +0.090923, -1.583165, +0.000806, +1.090346, -1.515664, +0.000845, +1.101821, -1.525397
 -0.138385, -0.000681, +0.450898, +0.003005, -0.400707, +0.003979, +0.916193, +0.121850, +0.095332, -1.652954, -0.121765, +0.094802, -1.653363, +0.000252, +1.296705, -1.575160, +0.000309, +1.309880, -1.585188
 -0.147358, -0.000718, +0.466080, +0.003684, -0.468625, +0.004451, +0.883378, +0.099517, +0.106923, -1.700839, -0.098919, +0.106606, -1.701294, +0.000084, +1.510910, -1.619660, +0.000171, +1.525828, -1.629451
 -0.155870, -0.000746, +0.481052, +0.004277, -0.533724, +0.004898, +0.845633, +0.079636, +0.122374, -1.732632, -0.078976, +0.122951, -1.733103, +0.000549, +1.728008, -1.642560, +0.000698, +1.744720, -1.651529
 -0.163943, -0.000754, +0.496036, +0.004915, -0.595738, +0.005375, +0.803146, +0.063594, +0.137164, -1.753157, -0.065501, +0.139103, -1.753577, +0.001869, +1.941407, -1.636712, +0.002182, +1.960207, -1.644301
 -0.171593, -0.000718, +0.511385, +0.005689, -0.654643, +0.005860, +0.755894, +0.050381, +0.147352, -1.766079, -0.059483, +0.149628, -1.766385, +0.005267, +2.143205, -1.594354, +0.006338, +2.165051, -1.599807
 -0.178492, -0.000458, +0.527614, +0.003890, -0.711875, +0.003082, +0.702289, +0.044643, +0.159311, -1.774767, -0.047388, +0.154312, -1.774651, +0.070548, +2.317349, -1.505804, +0.010467, +2.352059, -1.507397
 -0.185625, -0.000648, +0.545503, +0.007466, -0.765081, +0.005693, +0.643865, +0.036739, +0.162779, -1.782230, -0.037394, +0.145322, -1.781480, -0.000058, +2.486290, -1.351801, -0.000651, +2.501637, -1.350817
 -0.192051, -0.000736, +0.566163, +0.006829, -0.818031, +0.005111, +0.575112, +0.034113, +0.171472, -1.768386, -0.015795, +0.152416, -1.769817, -0.004443, +2.597481, -1.091789, -0.004575, +2.606591, -1.087978
 -0.201417, -0.000771, +0.592875, +0.007343, -0.868122, +0.005489, +0.496265, +0.003102, +0.380066, -1.760842, +0.009830, +0.363945, -1.761380, -0.075683, +2.422185, -1.307441, +0.084399, +2.501316, -1.307388
 -0.209597, -0.000774, +0.615246, +0.007944, -0.912299, +0.007601, +0.409377, -0.028926, +0.598445, -1.747920, +0.026249, +0.585962, -1.747438, -0.087131, +2.212332, -1.468884, +0.106850, +2.347130, -1.474585
 -0.215904, -0.000784, +0.633189, +0.007012, -0.949420, +0.009174, +0.313797, -0.056048, +0.780512, -1.733871, +0.042910, +0.780465, -1.736306, -0.065568, +2.034106, -1.588915, +0.098185, +2.204896, -1.597051
 -0.220515, -0.000784, +0.647232, +0.005620, -0.977477, +0.011328, +0.210662, -0.078377, +0.927064, -1.721469, +0.049479, +0.937256, -1.725254, -0.048269, +1.900801, -1.673686, +0.079249, +2.098951, -1.683470
 -0.223780, -0.000832, +0.657878, +0.003273, -0.994779, +0.011411, +0.101355, -0.083819, +1.042898, -1.706658, +0.055475, +1.058202, -1.714053, -0.032479, +1.813470, -1.732243, +0.052707, +2.019750, -1.740445
 -0.226123, -0.000859, +0.665225, +0.000862, -0.999873, +0.010476, -0.011991, -0.085090, +1.140079, -1.695345, +0.058737, +1.153723, -1.701706, -0.015996, +1.750405, -1.766574, +0.035619, +1.974686, -1.774720
 -0.227774, -0.000841, +0.669311, -0.001470, -0.991823, +0.010165, -0.127205, -0.090844, +1.224225, -1.682819, +0.052177, +1.234065, -1.689536, +0.000753, +1.704015, -1.783155, +0.025481, +1.954988, -1.798138
 -0.228937, -0.000833, +0.670049, -0.003648, -0.970200, +0.007243, -0.242169, -0.093789, +1.304347, -1.672428, +0.053181, +1.307996, -1.676267, +0.031917, +1.665993, -1.781181, +0.019166, +1.935761, -1.802572
 -0.229443, -0.000847, +0.666800, -0.005099, -0.934811, +0.005235, -0.355070, -0.109603, +1.385759, -1.658036, +0.089082, +1.400520, -1.658367, -0.024798, +1.709524, -1.782893, +0.024127, +1.916999, -1.797989
 -0.229421, -0.000832, +0.660209, -0.006200, -0.886173, +0.003546, -0.463299, -0.114626, +1.459422, -1.644736, +0.111089, +1.488436, -1.641068, -0.104861, +1.785472, -1.773274, +0.039480, +1.906845, -1.788036
 -0.229483, -0.000746, +0.650489, -0.006688, -0.823898, -0.000083, -0.566698, -0.140215, +1.539173, -1.627805, +0.109722, +1.573456, -1.625181, -0.055424, +1.789404, -1.760607, +0.046626, +1.909308, -1.769815
 -0.228856, -0.000705, +0.636689, +0.006656, +0.750748, +0.002806, +0.660549, -0.160762, +1.614082, -1.607331, +0.120241, +1.656521, -1.605188, -0.040038, +1.777596, -1.736950, +0.066624, +1.902395, -1.746163
 -0.228257, -0.000709, +0.619031, +0.005679, +0.665941, +0.005657, +0.745961, -0.171632, +1.690494, -1.582661, +0.131630, +1.730826, -1.579947, -0.011510, +1.775509, -1.704044, +0.060301, +1.896758, -1.714485
 -0.229416, -0.000821, +0.596754, +0.005646, +0.566517, +0.006548, +0.824005, -0.127362, +1.758631, -1.556540, +0.104511, +1.789612, -1.552035, +0.107046, +1.797178, -1.668694, -0.100138, +1.900647, -1.683748
 -0.232072, -0.001018, +0.567846, +0.005632, +0.452666, +0.007616, +0.891630, -0.007396, +1.801850, -1.526165, -0.009201, +1.820465, -1.521007, +0.375544, +1.837482, -1.662460, -0.403749, +1.926866, -1.682314
 -0.229590, -0.001058, +0.535447, +0.002657, +0.344740, +0.008719, +0.938654, +0.044081, +1.836643, -1.475073, -0.075838, +1.840133, -1.474226, +0.426847, +1.849902, -1.609334, -0.439358, +1.911415, -1.654383
 -0.224689, -0.001259, +0.501109, -0.006358, +0.233462, +0.010106, +0.972293, +0.151139, +1.840511, -1.415129, -0.061334, +1.830202, -1.411010, -0.072330, +2.314656, -1.616541, -0.068401, +2.190253, -1.663965
 -0.220647, -0.001078, +0.461038, -0.007090, +0.121049, +0.007198, +0.992595, +0.160918, +1.799706, -1.323074, -0.088585, +1.766792, -1.324265, +0.009216, +2.278721, -1.637286, -0.116902, +2.156815, -1.658544
 -0.216078, -0.000744, +0.418689, -0.004846, +0.015197, +0.003074, +0.999868, +0.154302, +1.670083, -1.203458, -0.084034, +1.648810, -1.209887, +0.031696, +2.135841, -1.660158, -0.109042, +2.083708, -1.663421
 -0.212984, -0.000369, +0.373526, -0.000986, -0.085917, -0.000386, +0.996302, +0.113876, +1.446125, -1.057268, -0.064622, +1.441743, -1.066007, +0.028363, +1.956687, -1.697133, -0.086228, +1.957639, -1.689816
 -0.213667, +0.000040, +0.325419, +0.001697, -0.179885, -0.003081, +0.983681, -0.003213, +1.082409, -0.868807, -0.003193, +1.084937, -0.881638, -0.018159, +1.774999, -1.776709, -0.018002, +1.761410, -1.774682
 -0.218177, +0.001782, +0.278207, +0.036371, -0.245720, +0.002003, +0.968656, -0.080714, +1.311878, -1.109030, -0.081732, +1.340103, -1.163220, -0.166653, +2.276448, -2.087694, -0.166368, +2.218500, -2.085412
 -0.224407, +0.000796, +0.248811, +0.020460, -0.272764, +0.003553, +0.961857, -0.045363, +1.447511, -1.306625, -0.045751, +1.462876, -1.329602, -0.118763, +2.543822, -2.239372, -0.113504, +2.485737, -2.236192
 -0.232049, +0.000676, +0.233236, +0.010377, -0.273335, +0.002296, +0.961860, -0.024329, +1.503095, -1.437632, -0.024444, +1.509666, -1.446306, -0.073640, +2.620477, -2.322163, -0.068450, +2.574556, -2.318830
 -0.240544, +0.000796, +0.227751, +0.005294, -0.255688, +0.000951, +0.966745, -0.014272, +1.505228, -1.526597, -0.014305, +1.506686, -1.529307, -0.042533, +2.547808, -2.367292, -0.040962, +2.515518, -2.363014
 -0.248989, +0.000872, +0.228542, +0.002798, -0.229230, +0.000290, +0.973368, -0.009323, +1.477236, -1.588676, -0.009332, +1.476209, -1.588517, -0.024693, +2.389054, -2.378976, -0.024303, +2.368078, -2.374119
 -0.256960, +0.000883, +0.233137, +0.001665, -0.199445, +0.000143, +0.979908, -0.006988, +1.432691, -1.632566, -0.006989, +1.430783, -1.630910, -0.014973, +2.191687, -2.358358, -0.014872, +2.179088, -2.353649
 -0.264315, +0.000852, +0.240020, +0.000950, -0.169648, +0.000210, +0.985504, -0.005434, +1.379362, -1.662564, -0.005432, +1.377197, -1.659841, -0.009053, +1.990315, -2.311311, -0.009024, +1.983296, -2.307154
 -0.271005, +0.000800, +0.248221, +0.000427, -0.141830, +0.000366, +0.989891, -0.004269, +1.321923, -1.680633, -0.004266, +1.319794, -1.677083, -0.005223, +1.804487, -2.246492, -0.005213, +1.800979, -2.242987
 -0.277012, +0.000740, +0.257113, +0.000054, -0.117003, +0.000551, +0.993131, -0.003422, +1.263436, -1.688034, -0.003418, +1.261507, -1.683881, -0.002708, +1.641319, -2.171923, -0.002704, +1.639994, -2.169034
 -0.282345, +0.000679, +0.266281, -0.000190, -0.095526, +0.000730, +0.995427, -0.002845, +1.205971, -1.686000, -0.002840, +1.204330, -1.681460, -0.001075, +1.501153, -2.093534, -0.001072, +1.501203, -2.091196
 -0.287040, +0.000622, +0.275442, -0.000332, -0.077391, +0.000886, +0.997000, -0.002473, +1.150929, -1.675865, -0.002468, +1.149607, -1.671123, -0.000036, +1.381789, -2.015280, -0.000033, +1.382722, -2.013425
 -0.291152, +0.000568, +0.284393, -0.000401, -0.062404, +0.001010, +0.998050, -0.002240, +1.099215, -1.659012, -0.002234, +1.098204, -1.654214, +0.000606, +1.280505, -1.939688, +0.000609, +1.282008, -1.938255
 -0.294742, +0.000518, +0.292984, -0.000422, -0.050285, +0.001100, +0.998734, -0.002091, +1.051361, -1.636808, -0.002086, +1.050628, -1.632059, +0.000986, +1.194761, -1.868340, +0.000988, +1.196632, -1.867270
 -0.297876, +0.000472, +0.301110, -0.000412, -0.040712, +0.001160, +0.999170, -0.001990, +1.007615, -1.610559, -0.001984, +1.007115, -1.605934, +0.001193, +1.122365, -1.802196, +0.001196, +1.124464, -1.801435
 -0.300614, +0.000430, +0.308693, -0.000385, -0.033351, +0.001191, +0.999443, -0.001912, +0.968011, -1.581485, -0.001907, +0.967697, -1.577035, +0.001287, +1.061450, -1.741793, +0.001290, +1.063680, -1.741294
 -0.303016, +0.000392, +0.315685, -0.000348, -0.027869, +0.001198, +0.999611, -0.001844, +0.932438, -1.550707, -0.001839, +0.932266, -1.546467, +0.001305, +1.010411, -1.687373, +0.001308, +1.012700, -1.687093
 -0.305137, +0.000357, +0.322055, -0.000305, -0.023948, +0.001184, +0.999712, -0.001779, +0.900689, -1.519240, -0.001775, +0.900624, -1.515230, +0.001273, +0.967850, -1.638961, +0.001276, +0.970145, -1.638861
 -0.307027, +0.000325, +0.327792, -0.000261, -0.021291, +0.001155, +0.999773, -0.001713, +0.872508, -1.487983, -0.001709, +0.872518, -1.484219, +0.001208, +0.932530, -1.596420, +0.001211, +0.934792, -1.596464
 -0.308729, +0.000296, +0.332899, -0.000218, -0.019626, +0.001111, +0.999807, -0.001643, +0.847616, -1.457719, -0.001640, +0.847678, -1.454207, +0.001123, +0.903357, -1.559494, +0.001125, +0.905553, -1.559651
 -0.310283, +0.000269, +0.337388, -0.000178, -0.018717, +0.001057, +0.999824, -0.001569, +0.825734, -1.429100, -0.001566, +0.825830, -1.425845, +0.001026, +0.879361, -1.527846, +0.001028, +0.881468, -1.528089
 -0.311722, +0.000244, +0.341281, -0.000141, -0.018360, +0.000996, +0.999831, -0.001490, +0.806596, -1.402648, -0.001487, +0.806712, -1.399647, +0.000924, +0.859695, -1.501092, +0.000926, +0.861694, -1.501395
 -0.313075, +0.000222, +0.344610, -0.000109, -0.018390, +0.000929, +0.999830, -0.001406, +0.789953, -1.378744, -0.001403, +0.790079, -1.375993, +0.000822, +0.843635, -1.478826, +0.000824, +0.845511, -1.479167
 -0.314365, +0.000201, +0.347408, -0.000082, -0.018679, +0.000859, +0.999825, -0.001317, +0.775575, -1.357631, -0.001315, +0.775703, -1.355125, +0.000723, +0.830574, -1.460647, +0.000724, +0.832317, -1.461006
 -0.315612, +0.000182, +0.349712, -0.000059, -0.019135, +0.000787, +0.999817, -0.001226, +0.763252, -1.339422, -0.001225, +0.763377, -1.337150, +0.000629, +0.820020, -1.446173, +0.000630, +0.821624, -1.446536
 -0.316830, +0.000164, +0.351564, -0.000041, -0.019696, +0.000715, +0.999806, -0.001134, +0.752788, -1.324107, -0.001132, +0.752907, -1.322061, +0.000541, +0.811587, -1.435058, +0.000542, +0.813050, -1.435410
 -0.318031, +0.000148, +0.353001, -0.000027, -0.020326, +0.000644, +0.999793, -0.001040, +0.744006, -1.311580, -0.001039, +0.744115, -1.309747, +0.000461, +0.804983, -1.426991, +0.000462, +0.806304, -1.427324
 -0.319224, +0.000133, +0.354064, -0.000017, -0.021012, +0.000575, +0.999779, -0.000946, +0.736738, -1.301659, -0.000945, +0.736835, -1.300025, +0.000390, +0.799992, -1.421705, +0.000391, +0.801173, -1.422010
 -0.320416, +0.000120, +0.354788, -0.000011, -0.021755, +0.000510, +0.999763, -0.000851, +0.730833, -1.294111, -0.000850, +0.730917, -1.292662, +0.000330, +0.796458, -1.418965, +0.000330, +0.797503, -1.419236
 -0.321611, +0.000107, +0.355208, -0.000008, -0.022562, +0.000448, +0.999745, -0.000757, +0.726151, -1.288687, -0.000756, +0.726221, -1.287406, +0.000279, +0.794263, -1.418567, +0.000279, +0.795179, -1.418800
 -0.322814, +0.000096, +0.355353, -0.000008, -0.023445, +0.000391, +0.999725, -0.000666, +0.722565, -1.285139, -0.000665, +0.722621, -1.284012, +0.000235, +0.793310, -1.420325, +0.000236, +0.794104, -1.420519
 -0.324030, +0.000085, +0.355251, -0.000009, -0.024410, +0.000338, +0.999702, -0.000580, +0.719958, -1.283253, -0.000580, +0.719999, -1.282266, +0.000198, +0.793499, -1.424060, +0.000198, +0.794180, -1.424218
 -0.325262, +0.000075, +0.354924, -0.000010, -0.025456, +0.000290, +0.999676, -0.000501, +0.718220, -1.282863, -0.000501, +0.718249, -1.282004, +0.000166, +0.794710, -1.429593, +0.000166, +0.795289, -1.429715
 -0.326515, +0.000066, +0.354390, -0.000012, -0.026566, +0.000246, +0.999647, -0.000427, +0.717249, -1.283867, -0.000427, +0.717267, -1.283123, +0.000140, +0.796788, -1.436725, +0.000140, +0.797273, -1.436815
 -0.327795, +0.000058, +0.353667, -0.000015, -0.027706, +0.000207, +0.999616, -0.000358, +0.716942, -1.286241, -0.000358, +0.716950, -1.285599, +0.000119, +0.799518, -1.445229, +0.000119, +0.799920, -1.445290
 -0.329109, +0.000051, +0.352768, -0.000017, -0.028821, +0.000172, +0.999585, -0.000297, +0.717191, -1.290033, -0.000297, +0.717190, -1.289484, +0.000101, +0.802620, -1.454836, +0.000101, +0.802949, -1.454872
 -0.330466, +0.000044, +0.351704, -0.000018, -0.029831, +0.000142, +0.999555, -0.000244, +0.717875, -1.295375, -0.000243, +0.717868, -1.294910, +0.000084, +0.805732, -1.465224, +0.000084, +0.805997, -1.465241
 -0.331875, +0.000037, +0.350489, -0.000018, -0.030632, +0.000115, +0.999531, -0.000198, +0.718857, -1.302465, -0.000198, +0.718846, -1.302076, +0.000068, +0.808405, -1.476012, +0.000068, +0.808615, -1.476014
 -0.333349, +0.000031, +0.349135, -0.000016, -0.031096, +0.000092, +0.999516, -0.000160, +0.719972, -1.311552, -0.000160, +0.719960, -1.311231, +0.000053, +0.810107, -1.486753, +0.000054, +0.810271, -1.486746
 -0.334898, +0.000026, +0.347658, -0.000014, -0.031076, +0.000072, +0.999517, -0.000129, +0.721030, -1.322907, -0.000129, +0.721017, -1.322648, +0.000040, +0.810240, -1.496944, +0.000040, +0.810366, -1.496931
 -0.336531, +0.000021, +0.346078, -0.000011, -0.030417, +0.000056, +0.999537, -0.000104, +0.721807, -1.336780, -0.000104, +0.721796, -1.336576, +0.000026, +0.808172, -1.506033, +0.000026, +0.808267, -1.506019
 -0.338256, +0.000017, +0.344420, -0.000007, -0.028967, +0.000042, +0.999580, -0.000084, +0.722055, -1.353343, -0.000084, +0.722047, -1.353189, +0.000014, +0.803294, -1.513449, +0.000014, +0.803364, -1.513436
 -0.340072, +0.000013, +0.342718, -0.000002, -0.026600, +0.000031, +0.999646, -0.000070, +0.721515, -1.372619, -0.000070, +0.721511, -1.372508, +0.000001, +0.795100, -1.518645, +0.000001, +0.795152, -1.518636
 -0.341963, +0.000010, +0.341013, +0.000003, -0.023251, +0.000021, +0.999730, -0.000060, +0.719950, -1.394392, -0.000060, +0.719950, -1.394319, -0.000010, +0.783307, -1.521165, -0.000010, +0.783345, -1.521162
 -0.343896, +0.000007, +0.339358, +0.000007, -0.018948, +0.000014, +0.999820, -0.000052, +0.717198, -1.418100, -0.000052, +0.717201, -1.418058, -0.000019, +0.768004, -1.520738, -0.000019, +0.768032, -1.520742
 -0.345808, +0.000004, +0.337818, +0.000010, -0.013878, +0.000008, +0.999904, -0.000044, +0.713265, -1.442701, -0.000044, +0.713270, -1.442684, -0.000025, +0.749862, -1.517422, -0.000025, +0.749882, -1.517431
 -0.347590, +0.000002, +0.336474, +0.000011, -0.008456, +0.000004, +0.999964, -0.000034, +0.708455, -1.466499, -0.000034, +0.708461, -1.466497, -0.000024, +0.730399, -1.511791, -0.000024, +0.730412, -1.511801
 -0.349073, +0.000001, +0.335427, +0.000007, -0.003430, +0.000001, +0.999994, -0.000018, +0.703552, -1.486892, -0.000018, +0.703556, -1.486895, -0.000015, +0.712329, -1.505185, -0.000015, +0.712336, -1.505192
 -0.350000, +0.000000, +0.334810, -0.000000, +0.000000, +0.000000, +1.000000, -0.000000, +0.700000, -1.500000, +0.000000, +0.700000, -1.500000, -0.000000, +0.700000, -1.500000, +0.000000, +0.700000, -1.500000
 -0.350000, +0.000000, +0.334810, +0.000000, +0.000000, +0.000000, +1.000000, +0.000000, +0.700000, -1.500000, +0.000000, +0.700000, -1.500000, +0.000000, +0.700000, -1.500000, +0.000000, +0.700000, -1.500000
