 0.000000, 0.000000, 0.333310, 0.000000, 0.000000, 0.000000, 1.000000, 0.000000, 0.700000,-1.500000, 0.000000, 0.700000,-1.500000, 0.000000, 0.700000,-1.500000, 0.000000, 0.700000,-1.500000
 0.000911,-0.000000, 0.333887,-0.000071,-0.003463,-0.000015, 0.999994, 0.000163, 0.703685,-1.487108, 0.000163, 0.703625,-1.487039, 0.000126, 0.712558,-1.505602, 0.000126, 0.712476,-1.505487
 0.002364, 0.000002, 0.334864,-0.000083,-0.008574,-0.000045, 0.999963, 0.000214, 0.708806,-1.466954, 0.000214, 0.708704,-1.466906, 0.000105, 0.731084,-1.512935, 0.000105, 0.730911,-1.512746
 0.004105, 0.000007, 0.336113,-0.000070,-0.014098,-0.000085, 0.999901, 0.000221, 0.713899,-1.443514, 0.000221, 0.713756,-1.443526, 0.000014, 0.751122,-1.519511, 0.000014, 0.750840,-1.519253
 0.005964, 0.000015, 0.337533,-0.000041,-0.019271,-0.000133, 0.999814, 0.000199, 0.718179,-1.419443, 0.000199, 0.717995,-1.419541,-0.000129, 0.769905,-1.523940,-0.000129, 0.769493,-1.523607
 0.007837, 0.000025, 0.339045,-0.000011,-0.023669,-0.000188, 0.999720, 0.000167, 0.721344,-1.396463, 0.000167, 0.721113,-1.396651,-0.000295, 0.785896,-1.525627,-0.000295, 0.785333,-1.525203
 0.009660, 0.000038, 0.340587, 0.000014,-0.027107,-0.000246, 0.999633, 0.000141, 0.723389,-1.375613, 0.000141, 0.723102,-1.375879,-0.000466, 0.798419,-1.524506,-0.000465, 0.797685,-1.523964
 0.011400, 0.000055, 0.342111, 0.000027,-0.029554,-0.000306, 0.999563, 0.000129, 0.724471,-1.357433, 0.000129, 0.724111,-1.357754,-0.000628, 0.807383,-1.520836,-0.000627, 0.806458,-1.520147
 0.013041, 0.000075, 0.343577, 0.000028,-0.031083,-0.000367, 0.999517, 0.000130, 0.724813,-1.342106, 0.000130, 0.724365,-1.342449,-0.000777, 0.813066,-1.515060,-0.000776, 0.811933,-1.514192
 0.014583, 0.000099, 0.344957, 0.000018,-0.031818,-0.000427, 0.999494, 0.000138, 0.724654,-1.329569, 0.000139, 0.724101,-1.329900,-0.000915, 0.815962,-1.507704,-0.000915, 0.814610,-1.506628
 0.016029, 0.000128, 0.346232, 0.000000,-0.031914,-0.000485, 0.999491, 0.000145, 0.724215,-1.319606, 0.000145, 0.723543,-1.319887,-0.001048, 0.816661,-1.499307,-0.001047, 0.815081,-1.497998
 0.017387, 0.000162, 0.347386,-0.000022,-0.031526,-0.000538, 0.999503, 0.000140, 0.723690,-1.311919, 0.000141, 0.722885,-1.312112,-0.001182, 0.815766,-1.490381,-0.001181, 0.813957,-1.488816
 0.018666, 0.000203, 0.348410,-0.000047,-0.030801,-0.000584, 0.999525, 0.000115, 0.723233,-1.306182, 0.000115, 0.722285,-1.306243,-0.001321, 0.813843,-1.481381,-0.001320, 0.811806,-1.479540
 0.019876, 0.000251, 0.349301,-0.000073,-0.029867,-0.000623, 0.999554, 0.000061, 0.722968,-1.302076, 0.000062, 0.721864,-1.301960,-0.001470, 0.811387,-1.472693,-0.001468, 0.809127,-1.470557
 0.021024, 0.000307, 0.350055,-0.000098,-0.028832,-0.000652, 0.999584,-0.000028, 0.722987,-1.299321,-0.000027, 0.721715,-1.298974,-0.001631, 0.808807,-1.464630,-0.001629, 0.806332,-1.462179
 0.022117, 0.000373, 0.350673,-0.000123,-0.027780,-0.000668, 0.999614,-0.000158, 0.723356,-1.297683,-0.000157, 0.721904,-1.297046,-0.001808, 0.806426,-1.457435,-0.001805, 0.803746,-1.454649
 0.023160, 0.000448, 0.351154,-0.000146,-0.026771,-0.000671, 0.999641,-0.000335, 0.724123,-1.296983,-0.000334, 0.722477,-1.295987,-0.002000, 0.804486,-1.451289,-0.001998, 0.801613,-1.448146
 0.024156, 0.000536, 0.351500,-0.000169,-0.025850,-0.000658, 0.999666,-0.000565, 0.725323,-1.297096,-0.000564, 0.723466,-1.295660,-0.002210, 0.803160,-1.446323,-0.002207, 0.800107,-1.442796
 0.025110, 0.000638, 0.351711,-0.000192,-0.025046,-0.000627, 0.999686,-0.000855, 0.726982,-1.297947,-0.000854, 0.724896,-1.295978,-0.002439, 0.802565,-1.442628,-0.002436, 0.799348,-1.438689
 0.026024, 0.000755, 0.351785,-0.000216,-0.024373,-0.000575, 0.999703,-0.001212, 0.729124,-1.299502,-0.001210, 0.726787,-1.296897,-0.002689, 0.802778,-1.440268,-0.002685, 0.799414,-1.435882
 0.026900, 0.000890, 0.351719,-0.000242,-0.023840,-0.000499, 0.999716,-0.001642, 0.731773,-1.301768,-0.001640, 0.729160,-1.298405,-0.002960, 0.803849,-1.439292,-0.002956, 0.800357,-1.434420
 0.027739, 0.001045, 0.351511,-0.000270,-0.023447,-0.000397, 0.999725,-0.002154, 0.734956,-1.304779,-0.002151, 0.732037,-1.300522,-0.003254, 0.805809,-1.439740,-0.003249, 0.802209,-1.434334
 0.028545, 0.001222, 0.351153,-0.000303,-0.023193,-0.000265, 0.999731,-0.002755, 0.738704,-1.308594,-0.002751, 0.735444,-1.303286,-0.003571, 0.808682,-1.441649,-0.003565, 0.804995,-1.435655
 0.029320, 0.001425, 0.350640,-0.000344,-0.023072,-0.000101, 0.999734,-0.003453, 0.743054,-1.313288,-0.003447, 0.739412,-1.306752,-0.003911, 0.812487,-1.445060,-0.003904, 0.808734,-1.438412
 0.030066, 0.001656, 0.349962,-0.000397,-0.023078, 0.000100, 0.999734,-0.004253, 0.748046,-1.318951,-0.004245, 0.743974,-1.310985,-0.004272, 0.817241,-1.450011,-0.004263, 0.813444,-1.442631
 0.030785, 0.001920, 0.349110,-0.000465,-0.023203, 0.000340, 0.999731,-0.005164, 0.753723,-1.325678,-0.005151, 0.749164,-1.316053,-0.004651, 0.822960,-1.456544,-0.004640, 0.819139,-1.448337
 0.031482, 0.002220, 0.348075,-0.000556,-0.023439, 0.000624, 0.999725,-0.006189, 0.760127,-1.333569,-0.006172, 0.755014,-1.322025,-0.005046, 0.829655,-1.464692,-0.005033, 0.825826,-1.455547
 0.032157, 0.002560, 0.346849,-0.000676,-0.023777, 0.000954, 0.999717,-0.007337, 0.767298,-1.342719,-0.007311, 0.761550,-1.328964,-0.005453, 0.837327,-1.474479,-0.005436, 0.833504,-1.464260
 0.032814, 0.002946, 0.345425,-0.000834,-0.024202, 0.001335, 0.999706,-0.008611, 0.775264,-1.353218,-0.008574, 0.768789,-1.336923,-0.005869, 0.845965,-1.485909,-0.005846, 0.842151,-1.474456
 0.033455, 0.003383, 0.343796,-0.001039,-0.024700, 0.001768, 0.999693,-0.010019, 0.784044,-1.365142,-0.009966, 0.776731,-1.345940,-0.006290, 0.855532,-1.498960,-0.006259, 0.851725,-1.486082
 0.034080, 0.003878, 0.341964,-0.001302,-0.025250, 0.002255, 0.999678,-0.011566, 0.793634,-1.378550,-0.011491, 0.785355,-1.356029,-0.006714, 0.865967,-1.513573,-0.006672, 0.862149,-1.499042
 0.034690, 0.004438, 0.339930,-0.001638,-0.025830, 0.002800, 0.999661,-0.013258, 0.804011,-1.393477,-0.013153, 0.794614,-1.367177,-0.007137, 0.877170,-1.529647,-0.007082, 0.873306,-1.513191
 0.035285, 0.005071, 0.337706,-0.002061,-0.026407, 0.003402, 0.999643,-0.015101, 0.815120,-1.409922,-0.014955, 0.804425,-1.379331,-0.007562, 0.889001,-1.547024,-0.007487, 0.885030,-1.528322
 0.035863, 0.005788, 0.335310,-0.002586,-0.026945, 0.004060, 0.999625,-0.017108, 0.826869,-1.427845,-0.016907, 0.814668,-1.392395,-0.007995, 0.901269,-1.565489,-0.007895, 0.897101,-1.544160
 0.036421, 0.006598, 0.332770,-0.003223,-0.027402, 0.004774, 0.999608,-0.019306, 0.839124,-1.447151,-0.019032, 0.825174,-1.406216,-0.008463, 0.913726,-1.584747,-0.008328, 0.909235,-1.560350
 0.036955, 0.007517, 0.330128,-0.003973,-0.027727, 0.005541, 0.999592,-0.021752, 0.851694,-1.467670,-0.021381, 0.835725,-1.420580,-0.009026, 0.926059,-1.604421,-0.008846, 0.921080,-1.576452
 0.037460, 0.008561, 0.327438,-0.004813,-0.027865, 0.006355, 0.999580,-0.024553, 0.864329,-1.489144,-0.024056, 0.846045,-1.435195,-0.009800, 0.937882,-1.624029,-0.009560, 0.932210,-1.591931
 0.037930, 0.009751, 0.324775,-0.005691,-0.027753, 0.007211, 0.999573,-0.027888, 0.876699,-1.511196,-0.027226, 0.855791,-1.449680,-0.010979, 0.948726,-1.642965,-0.010660, 0.942120,-1.606144
 0.038357, 0.011112, 0.322234,-0.006518,-0.027324, 0.008101, 0.999573,-0.032017, 0.888387,-1.533308,-0.031146, 0.864543,-1.463534,-0.012851, 0.958032,-1.660483,-0.012428, 0.950215,-1.618321
 0.038734, 0.012676, 0.319939,-0.007174,-0.026510, 0.009014, 0.999582,-0.037277, 0.898876,-1.554787,-0.036141, 0.871786,-1.476101,-0.015788, 0.965143,-1.675668,-0.015231, 0.955799,-1.627529
 0.039054, 0.014483, 0.318045,-0.007523,-0.025242, 0.009933, 0.999604,-0.044034, 0.907534,-1.574732,-0.042571, 0.876878,-1.486504,-0.020210, 0.969302,-1.687412,-0.019481, 0.958050,-1.632617
 0.039308, 0.016579, 0.316752,-0.007456,-0.023455, 0.010834, 0.999638,-0.052607, 0.913602,-1.591984,-0.050744, 0.879008,-1.493550,-0.026503, 0.969645,-1.694375,-0.025556, 0.955994,-1.632138
 0.039491, 0.019025, 0.316312,-0.006934,-0.021100, 0.011680, 0.999685,-0.063157, 0.916174,-1.605052,-0.060817, 0.877137,-1.495593,-0.034918, 0.965199,-1.694928,-0.033700, 0.948456,-1.624221
 0.039601, 0.021895, 0.317050,-0.006009,-0.018152, 0.012424, 0.999740,-0.075642, 0.914141,-1.611964,-0.072739, 0.869923,-1.490345,-0.045526, 0.954852,-1.687040,-0.043974, 0.934014,-1.606419
 0.039639, 0.025290, 0.319387,-0.004726,-0.014629, 0.013008, 0.999797,-0.090008, 0.906068,-1.609939,-0.086455, 0.855635,-1.474624,-0.058416, 0.937272,-1.668020,-0.056456, 0.910956,-1.575509
 0.039614, 0.029353, 0.323880,-0.002778,-0.010627, 0.013368, 0.999850,-0.106859, 0.889925,-1.594716,-0.102600, 0.832060,-1.443991,-0.074372, 0.910705,-1.633982,-0.071937, 0.877267,-1.527263
 0.039548, 0.034289, 0.331291, 0.001019,-0.006384, 0.013452, 0.999889,-0.128463, 0.862602,-1.559278,-0.123560, 0.796280,-1.391926,-0.095865, 0.872659,-1.578902,-0.092959, 0.830604,-1.456013
 0.039472, 0.040381, 0.342707, 0.008962,-0.002368, 0.013218, 0.999870,-0.159111, 0.819043,-1.491784,-0.153928, 0.743814,-1.307791,-0.127416, 0.819214,-1.492941,-0.124265, 0.767695,-1.353159
 0.039386, 0.048008, 0.359737, 0.021426, 0.000877, 0.012562, 0.999691,-0.198981, 0.751132,-1.374128,-0.194157, 0.664828,-1.170494,-0.169557, 0.743360,-1.360058,-0.166612, 0.679972,-1.199895
 0.039307, 0.057978, 0.384765, 0.015933, 0.001497, 0.011493, 0.999806,-0.204228, 0.652184,-1.186054,-0.198076, 0.525463,-0.907544,-0.178902, 0.643121,-1.169180,-0.174539, 0.539489,-0.935157
 0.040675, 0.071495, 0.416317,-0.087658,-0.009104, 0.008030, 0.996077,-0.298537, 0.739302,-1.391077,-0.280230, 0.524412,-1.128989,-0.167451, 0.927455,-1.378785,-0.203913, 0.761735,-1.155090
 0.041457, 0.084657, 0.444816,-0.218195,-0.014129, 0.004970, 0.975790,-0.343680, 0.772255,-1.502357,-0.259160, 0.502958,-1.282878,-0.164111, 1.130664,-1.494614,-0.142387, 0.927356,-1.305819
 0.041868, 0.097611, 0.470317,-0.351326,-0.012505, 0.000988, 0.936169,-0.368233, 0.759238,-1.585656,-0.217600, 0.486632,-1.411999,-0.205816, 1.225203,-1.583161,-0.070343, 1.024333,-1.431737
 0.042182, 0.109965, 0.492075,-0.481246,-0.007655,-0.003546, 0.876545,-0.374774, 0.725271,-1.635054,-0.179887, 0.486570,-1.507174,-0.252995, 1.243902,-1.638320,-0.009499, 1.070849,-1.523696
 0.042474, 0.121042, 0.509914,-0.605511,-0.002269,-0.007532, 0.795798,-0.365733, 0.688454,-1.660436,-0.148664, 0.502614,-1.572633,-0.272033, 1.224912,-1.669400, 0.047920, 1.091984,-1.586125
 0.042749, 0.130408, 0.524286,-0.719701, 0.002765,-0.010324, 0.694202,-0.346211, 0.657058,-1.672433,-0.123040, 0.529454,-1.616556,-0.260754, 1.192263,-1.686661, 0.112045, 1.107020,-1.627748
 0.043005, 0.137923, 0.535764,-0.818589, 0.006926,-0.011715, 0.574219,-0.321479, 0.634493,-1.677932,-0.101561, 0.562124,-1.646344,-0.230764, 1.159619,-1.696747, 0.181063, 1.130487,-1.656903
 0.043247, 0.143585, 0.544892,-0.897757, 0.009238,-0.011250, 0.440250,-0.295344, 0.622998,-1.682705,-0.080630, 0.597442,-1.668929,-0.193232, 1.138190,-1.704797, 0.235685, 1.177106,-1.681009
 0.043496, 0.147530, 0.552249,-0.954522, 0.008469,-0.007713, 0.297920,-0.269121, 0.624175,-1.692181,-0.053453, 0.632930,-1.690467,-0.155073, 1.142029,-1.715186, 0.240208, 1.262376,-1.705170
 0.043780, 0.150324, 0.558444,-0.988316, 0.004470, 0.000834, 0.152349,-0.241237, 0.771456,-1.703207,-0.011370, 0.791501,-1.709039,-0.118719, 1.154923,-1.725415, 0.159158, 1.299395,-1.725983
 0.044124, 0.153342, 0.563548,-0.999873, 0.000356, 0.015086, 0.005202,-0.208727, 0.784853,-1.704710, 0.051479, 0.811053,-1.716036,-0.084752, 1.221549,-1.726107,-0.000559, 1.415445,-1.733612
 0.044505, 0.157911, 0.566038, 0.988718,-0.000926,-0.030401, 0.146667,-0.169636, 0.671230,-1.695519, 0.133063, 0.714149,-1.712175,-0.056148, 1.414597,-1.714007,-0.160135, 1.723395,-1.726028
 0.044829, 0.163462, 0.564034, 0.951295,-0.005979,-0.039860, 0.305636,-0.122085, 0.672623,-1.683820, 0.225611, 0.724707,-1.706459,-0.031031, 1.545403,-1.693800,-0.230396, 1.845458,-1.710255
 0.045041, 0.168824, 0.557382, 0.883469,-0.012024,-0.042113, 0.466438,-0.063460, 0.659358,-1.669227, 0.321791, 0.729171,-1.700374, 0.002540, 1.637024,-1.667433,-0.190685, 1.919298,-1.690641
 0.045189, 0.173820, 0.546564, 0.784631,-0.017086,-0.039310, 0.618480, 0.008982, 0.635745,-1.642961, 0.415747, 0.733692,-1.688256, 0.049689, 1.666738,-1.632614,-0.075508, 1.949350,-1.666847
 0.045345, 0.178791, 0.531631, 0.658479,-0.020377,-0.033498, 0.751577, 0.096346, 0.608339,-1.596981, 0.502532, 0.742931,-1.665043, 0.103255, 1.626083,-1.585332, 0.070699, 1.933002,-1.637820
 0.045521, 0.184124, 0.512276, 0.511059,-0.021371,-0.026205, 0.858880, 0.197751, 0.583488,-1.524647, 0.577719, 0.757429,-1.626398, 0.161214, 1.512947,-1.518569, 0.210202, 1.852577,-1.601173
 0.045585, 0.190236, 0.487975, 0.349213,-0.019811,-0.018811, 0.936645, 0.309214, 0.565013,-1.420106, 0.633730, 0.772170,-1.566813, 0.236405, 1.331616,-1.423518, 0.311525, 1.680297,-1.550148
 0.045192, 0.197511, 0.458042, 0.182587,-0.015441,-0.012379, 0.982991, 0.415701, 0.551913,-1.281780, 0.649716, 0.774825,-1.481609, 0.334973, 1.093318,-1.295511, 0.365363, 1.401580,-1.475739
 0.043897, 0.206426, 0.421925, 0.029953,-0.008176,-0.007517, 0.999490, 0.472283, 0.539088,-1.119857, 0.582370, 0.745056,-1.376265, 0.417040, 0.814744,-1.143361, 0.396456, 1.043464,-1.380305
 0.041850, 0.218446, 0.379700,-0.071623,-0.000466,-0.006075, 0.997413, 0.371274, 0.525152,-0.895856, 0.374187, 0.667935,-1.187339, 0.359754, 0.540589,-0.925745, 0.361712, 0.670168,-1.191747
 0.042103, 0.237598, 0.348457, 0.001709,-0.001152,-0.009676, 0.999951, 0.189237, 0.682032,-1.186844, 0.200831, 0.820850,-1.477925, 0.168638, 0.700203,-1.221482, 0.177949, 0.821052,-1.478739
 0.042260, 0.250729, 0.327463, 0.037987,-0.003279,-0.011051, 0.999212, 0.089418, 0.776853,-1.356005, 0.101686, 0.906900,-1.632591, 0.064354, 0.800019,-1.399396, 0.073549, 0.909743,-1.638421
 0.042399, 0.259701, 0.314134, 0.045294,-0.006851,-0.011568, 0.998883, 0.053627, 0.840617,-1.460833, 0.063977, 0.954129,-1.706823, 0.026418, 0.873026,-1.520395, 0.033617, 0.964769,-1.726770
 0.042481, 0.266282, 0.306252, 0.041924,-0.011180,-0.011723, 0.998989, 0.042477, 0.882906,-1.523015, 0.050709, 0.979153,-1.736782, 0.014361, 0.926723,-1.602246, 0.019732, 1.000379,-1.775502
 0.042467, 0.271430, 0.302157, 0.037421,-0.015481,-0.011600, 0.999112, 0.035657, 0.908952,-1.556213, 0.042062, 0.990726,-1.742613, 0.007523, 0.964022,-1.654614, 0.011464, 1.022967,-1.800621
 0.042342, 0.275585, 0.300717, 0.033387,-0.019303,-0.011233, 0.999193, 0.029669, 0.923083,-1.570337, 0.034590, 0.993047,-1.733842, 0.002235, 0.988042,-1.685529, 0.005098, 1.035487,-1.809629
 0.042106, 0.278998, 0.301152, 0.029396,-0.022465,-0.010689, 0.999258, 0.025252, 0.928623,-1.572007, 0.028993, 0.988564,-1.715510,-0.000930, 1.001668,-1.701029, 0.001138, 1.039869,-1.806814
 0.041771, 0.281839, 0.302906, 0.025239,-0.024932,-0.010030, 0.999320, 0.022690, 0.927907,-1.565414, 0.025509, 0.979077,-1.690903,-0.001845, 1.007160,-1.705266,-0.000351, 1.037741,-1.795252
 0.041348, 0.284233, 0.305573, 0.021096,-0.026741,-0.009302, 0.999376, 0.021456, 0.922569,-1.553218, 0.023564, 0.966043,-1.662431,-0.001178, 1.006265,-1.701108,-0.000095, 1.030566,-1.777387
 0.040849, 0.286275, 0.308843, 0.017244,-0.027964,-0.008533, 0.999424, 0.020834, 0.913819,-1.537218, 0.022399, 0.950631,-1.631885, 0.000241, 1.000394,-1.690663, 0.001030, 1.019615,-1.755167
 0.040288, 0.288030, 0.312481, 0.013870,-0.028685,-0.007745, 0.999462, 0.020298, 0.902614,-1.518735, 0.021453, 0.933754,-1.600570, 0.001798, 0.990737,-1.675592, 0.002373, 1.005952,-1.730111
 0.039677, 0.289551, 0.316305, 0.011039,-0.028989,-0.006955, 0.999495, 0.019586, 0.889741,-1.498800, 0.020435, 0.916111,-1.569420, 0.003160, 0.978317,-1.657263, 0.003581, 0.990444,-1.703404
 0.039024, 0.290875, 0.320176, 0.008729,-0.028958,-0.006178, 0.999523, 0.018631, 0.875850,-1.478231, 0.019252, 0.898235,-1.539099, 0.004212, 0.964007,-1.636816, 0.004521, 0.973801,-1.675966
 0.038341, 0.292033, 0.323986, 0.006870,-0.028670,-0.005427, 0.999551, 0.017467, 0.861475,-1.457680, 0.017919, 0.880537,-1.510076, 0.004954, 0.948545,-1.615203, 0.005180, 0.956601,-1.648528
 0.037634, 0.293047, 0.327655, 0.005385,-0.028193,-0.004711, 0.999577, 0.016165, 0.847047,-1.437652, 0.016493, 0.863330,-1.482683, 0.005433, 0.932547,-1.593213, 0.005598, 0.939320,-1.621674
 0.036908, 0.293938, 0.331124, 0.004202,-0.027590,-0.004039, 0.999602, 0.014794, 0.832906,-1.418530, 0.015030, 0.846856,-1.457148, 0.005705, 0.916514,-1.571488, 0.005826, 0.922343,-1.595871
 0.036169, 0.294722, 0.334352, 0.003260,-0.026914,-0.003416, 0.999627, 0.013407, 0.819312,-1.400592, 0.013576, 0.831293,-1.433618, 0.005817, 0.900847,-1.550542, 0.005905, 0.905983,-1.571494
 0.035420, 0.295411, 0.337309, 0.002513,-0.026213,-0.002844, 0.999649, 0.012044, 0.806456,-1.384026, 0.012164, 0.816767,-1.412175, 0.005805, 0.885858,-1.530777, 0.005869, 0.890484,-1.548831
 0.034662, 0.296018, 0.339982, 0.001921,-0.025525,-0.002327, 0.999670, 0.010729, 0.794470,-1.368947, 0.010813, 0.803362,-1.392845, 0.005698, 0.871786,-1.512501, 0.005744, 0.876033,-1.528097
 0.033896, 0.296552, 0.342364, 0.001455,-0.024882,-0.001864, 0.999688, 0.009479, 0.783440,-1.355410, 0.009538, 0.791118,-1.375608, 0.005517, 0.858802,-1.495933, 0.005551, 0.862762,-1.509438
 0.033121, 0.297022, 0.344455, 0.001091,-0.024311,-0.001453, 0.999703, 0.008308, 0.773407,-1.343422, 0.008348, 0.780047,-1.360406, 0.005281, 0.847023,-1.481224, 0.005305, 0.850759,-1.492943
 0.032336, 0.297434, 0.346262, 0.000808,-0.023833,-0.001093, 0.999715, 0.007221, 0.764384,-1.332949, 0.007248, 0.770132,-1.347149, 0.005005, 0.836520,-1.468463, 0.005023, 0.840074,-1.478653
 0.031540, 0.297796, 0.347796, 0.000589,-0.023464,-0.000781, 0.999724, 0.006223, 0.756355,-1.323928, 0.006241, 0.761336,-1.335723, 0.004704, 0.827327,-1.457691, 0.004717, 0.830725,-1.466565
 0.030729, 0.298113, 0.349071, 0.000422,-0.023218,-0.000514, 0.999730, 0.005315, 0.749287,-1.316274, 0.005327, 0.753606,-1.325999, 0.004387, 0.819450,-1.448907, 0.004397, 0.822709,-1.456647
 0.029901, 0.298391, 0.350102, 0.000295,-0.023106,-0.000289, 0.999733, 0.004497, 0.743135,-1.309886, 0.004505, 0.746881,-1.317838, 0.004064, 0.812878,-1.442084, 0.004071, 0.816004,-1.448843
 0.029054, 0.298632, 0.350903, 0.000201,-0.023137,-0.000102, 0.999732, 0.003765, 0.737845,-1.304660, 0.003770, 0.741096,-1.311099, 0.003740, 0.807583,-1.437177, 0.003746, 0.810579,-1.443084
 0.028183, 0.298843, 0.351490, 0.000131,-0.023319, 0.000051, 0.999728, 0.003116, 0.733362,-1.300489, 0.003120, 0.736184,-1.305645, 0.003422, 0.803531,-1.434128, 0.003427, 0.806394,-1.439292
 0.027287, 0.299025, 0.351877, 0.000080,-0.023656, 0.000173, 0.999720, 0.002546, 0.729631,-1.297277, 0.002549, 0.732081,-1.301350, 0.003114, 0.800678,-1.432870, 0.003118, 0.803407,-1.437386
 0.026363, 0.299183, 0.352076, 0.000044,-0.024150, 0.000267, 0.999708, 0.002050, 0.726602,-1.294942, 0.002052, 0.728727,-1.298107, 0.002819, 0.798977,-1.433336, 0.002822, 0.801566,-1.437283
 0.025407, 0.299319, 0.352097, 0.000018,-0.024801, 0.000338, 0.999692, 0.001624, 0.724227,-1.293425, 0.001625, 0.726068,-1.295834, 0.002540, 0.798368,-1.435450, 0.002542, 0.800813,-1.438896
 0.024418, 0.299436, 0.351949,-0.000001,-0.025599, 0.000387, 0.999672, 0.001263, 0.722461,-1.292699, 0.001264, 0.724053,-1.294483, 0.002279, 0.798773,-1.439129, 0.002280, 0.801068,-1.442131
 0.023392, 0.299536, 0.351639,-0.000015,-0.026526, 0.000418, 0.999648, 0.000962, 0.721262,-1.292777, 0.000962, 0.722635,-1.294048, 0.002037, 0.800088,-1.444273, 0.002039, 0.802227,-1.446879
 0.022326, 0.299621, 0.351170,-0.000027,-0.027553, 0.000433, 0.999620, 0.000716, 0.720585,-1.293718, 0.000717, 0.721763,-1.294572, 0.001816, 0.802164,-1.450754, 0.001817, 0.804143,-1.453006
 0.021214, 0.299694, 0.350548,-0.000038,-0.028633, 0.000434, 0.999590, 0.000521, 0.720377,-1.295635, 0.000521, 0.721382,-1.296155, 0.001615, 0.804800,-1.458407, 0.001616, 0.806614,-1.460341
 0.020051, 0.299755, 0.349774,-0.000048,-0.029701, 0.000424, 0.999559, 0.000370, 0.720575,-1.298700, 0.000370, 0.721424,-1.298956, 0.001433, 0.807724,-1.467018, 0.001434, 0.809369,-1.468664
 0.018828, 0.299806, 0.348854,-0.000058,-0.030669, 0.000405, 0.999530, 0.000257, 0.721095,-1.303141, 0.000257, 0.721806,-1.303193, 0.001268, 0.810582,-1.476310, 0.001269, 0.812057,-1.477697
 0.017538, 0.299849, 0.347791,-0.000067,-0.031426, 0.000378, 0.999506, 0.000174, 0.721831,-1.309237, 0.000174, 0.722419,-1.309139, 0.001116, 0.812934,-1.485939, 0.001117, 0.814238,-1.487093
 0.016171, 0.299884, 0.346592,-0.000073,-0.031839, 0.000345, 0.999493, 0.000113, 0.722643,-1.317302, 0.000113, 0.723125,-1.317102, 0.000972, 0.814255,-1.495490, 0.000972, 0.815390,-1.496437
 0.014714, 0.299913, 0.345270,-0.000073,-0.031760, 0.000307, 0.999495, 0.000065, 0.723361,-1.327656, 0.000065, 0.723751,-1.327399, 0.000830, 0.813952,-1.504481, 0.000830, 0.814925,-1.505248
 0.013161, 0.299937, 0.343840,-0.000065,-0.031029, 0.000267, 0.999518, 0.000020, 0.723779,-1.340589, 0.000021, 0.724094,-1.340313, 0.000684, 0.811403,-1.512381, 0.000685, 0.812220,-1.512996
 0.011505, 0.299955, 0.342325,-0.000048,-0.029495, 0.000225, 0.999565,-0.000027, 0.723663,-1.356299,-0.000026, 0.723917,-1.356042, 0.000532, 0.806005,-1.518635, 0.000532, 0.806679,-1.519127
 0.009748, 0.299970, 0.340755,-0.000022,-0.027034, 0.000183, 0.999634,-0.000079, 0.722765,-1.374826,-0.000079, 0.722975,-1.374617, 0.000374, 0.797269,-1.522716, 0.000374, 0.797812,-1.523111
 0.007906, 0.299982, 0.339171, 0.000011,-0.023583, 0.000142, 0.999722,-0.000133, 0.720862,-1.395965,-0.000133, 0.721037,-1.395824, 0.000216, 0.784929,-1.524188, 0.000216, 0.785354,-1.524509
 0.006013, 0.299990, 0.337621, 0.000043,-0.019178, 0.000103, 0.999816,-0.000178, 0.717805,-1.419156,-0.000178, 0.717950,-1.419089, 0.000072, 0.769104,-1.522808, 0.000072, 0.769423,-1.523071
 0.004134, 0.299996, 0.336171, 0.000064,-0.014014, 0.000067, 0.999902,-0.000198, 0.713614,-1.443352,-0.000198, 0.713729,-1.443349,-0.000036, 0.750499,-1.518671,-0.000035, 0.750724,-1.518880
 0.002378, 0.299999, 0.334897, 0.000064,-0.008515, 0.000036, 0.999964,-0.000171, 0.708610,-1.466850,-0.000171, 0.708689,-1.466882,-0.000084, 0.730673,-1.512392,-0.000084, 0.730809,-1.512537
 0.000914, 0.300000, 0.333900, 0.000042,-0.003438, 0.000013, 0.999994,-0.000102, 0.703585,-1.487032,-0.000102, 0.703624,-1.487066,-0.000071, 0.712374,-1.505352,-0.000071, 0.712432,-1.505425
 0.000000, 0.300000, 0.333310, 0.000000, 0.000000, 0.000000, 1.000000,-0.000000, 0.700000,-1.500000, 0.000000, 0.700000,-1.500000,-0.000000, 0.700000,-1.500000, 0.000000, 0.700000,-1.500000
 0.000000, 0.300000, 0.333310, 0.000000, 0.000000, 0.000000, 1.000000, 0.000000, 0.700000,-1.500000, 0.000000, 0.700000,-1.500000, 0.000000, 0.700000,-1.500000, 0.000000, 0.700000,-1.500000
