 0.000000, 0.000000, 0.334810, 0.000000, 0.000000, 0.000000, 1.000000, 0.000000, 0.700000,-1.500000, 0.000000, 0.700000,-1.500000, 0.000000, 0.700000,-1.500000, 0.000000, 0.700000,-1.500000
 0.000699, 0.000003, 0.334848,-0.000002, 0.000011,-0.000004, 1.000000, 0.000001, 0.702230,-1.500012,-0.000000, 0.702217,-1.500005,-0.000007, 0.702207,-1.499955,-0.000008, 0.702186,-1.499933
 0.001975, 0.000006, 0.334880,-0.000003, 0.000015,-0.000010, 1.000000, 0.000001, 0.706412,-1.500199, 0.000005, 0.706388,-1.500193,-0.000026, 0.706393,-1.500141,-0.000021, 0.706350,-1.500098
 0.003727, 0.000007, 0.334868, 0.000000,-0.000002,-0.000020, 1.000000,-0.000000, 0.712330,-1.500729, 0.000006, 0.712297,-1.500724,-0.000050, 0.712368,-1.500771,-0.000041, 0.712297,-1.500715
 0.005871, 0.000008, 0.334778, 0.000006,-0.000045,-0.000028, 1.000000, 0.000000, 0.719788,-1.501739, 0.000007, 0.719772,-1.501756,-0.000075, 0.719959,-1.502023,-0.000068, 0.719855,-1.501947
 0.008331, 0.000007, 0.334579, 0.000013,-0.000114,-0.000038, 1.000000, 0.000002, 0.728629,-1.503362, 0.000012, 0.728622,-1.503417,-0.000104, 0.728999,-1.504036,-0.000094, 0.728872,-1.503956
 0.011045, 0.000006, 0.334246, 0.000021,-0.000210,-0.000050, 1.000000, 0.000004, 0.738719,-1.505735, 0.000013, 0.738713,-1.505820,-0.000131, 0.739358,-1.506932,-0.000122, 0.739204,-1.506850
 0.013961, 0.000004, 0.333757, 0.000029,-0.000327,-0.000060, 1.000000, 0.000007, 0.749941,-1.508958, 0.000016, 0.749944,-1.509079,-0.000158, 0.750912,-1.510796,-0.000149, 0.750732,-1.510704
 0.017036, 0.000003, 0.333095, 0.000035,-0.000459,-0.000070, 1.000000, 0.000010, 0.762200,-1.513123, 0.000024, 0.762218,-1.513282,-0.000187, 0.763554,-1.515682,-0.000174, 0.763346,-1.515580
 0.020230, 0.000002, 0.332246, 0.000041,-0.000599,-0.000081, 1.000000, 0.000018, 0.775426,-1.518319, 0.000031, 0.775459,-1.518515,-0.000214, 0.777188,-1.521630,-0.000199, 0.776950,-1.521523
 0.023510, 0.000001, 0.331197, 0.000046,-0.000738,-0.000093, 1.000000, 0.000028, 0.789555,-1.524623, 0.000037, 0.789594,-1.524850,-0.000240, 0.791722,-1.528672,-0.000225, 0.791456,-1.528560
 0.026849, 0.000001, 0.329939, 0.000049,-0.000869,-0.000104, 1.000000, 0.000033, 0.804526,-1.532093, 0.000046, 0.804566,-1.532341,-0.000266, 0.807077,-1.536826,-0.000250, 0.806781,-1.536701
 0.030222, 0.000002, 0.328467, 0.000050,-0.000981,-0.000114, 1.000000, 0.000037, 0.820291,-1.540771, 0.000056, 0.820333,-1.541034,-0.000295, 0.823182,-1.546081,-0.000275, 0.822850,-1.545936
 0.033610, 0.000002, 0.326775, 0.000052,-0.001066,-0.000124, 0.999999, 0.000043, 0.836806,-1.550689, 0.000065, 0.836852,-1.550964,-0.000322, 0.839963,-1.556417,-0.000300, 0.839595,-1.556253
 0.036994, 0.000003, 0.324861, 0.000052,-0.001115,-0.000134, 0.999999, 0.000051, 0.854032,-1.561867, 0.000073, 0.854077,-1.562153,-0.000345, 0.857351,-1.567813,-0.000326, 0.856947,-1.567631
 0.040357, 0.000004, 0.322722, 0.000052,-0.001116,-0.000143, 0.999999, 0.000057, 0.871925,-1.574320, 0.000082, 0.871968,-1.574616,-0.000367, 0.875276,-1.580241,-0.000351, 0.874839,-1.580041
 0.043685, 0.000005, 0.320361, 0.000051,-0.001061,-0.000151, 0.999999, 0.000064, 0.890442,-1.588052, 0.000091, 0.890488,-1.588353,-0.000390, 0.893675,-1.593664,-0.000371, 0.893203,-1.593439
 0.046967, 0.000007, 0.317778, 0.000048,-0.000936,-0.000157, 1.000000, 0.000075, 0.909549,-1.603054, 0.000096, 0.909601,-1.603360,-0.000413, 0.912481,-1.608028,-0.000387, 0.911973,-1.607777
 0.050191, 0.000008, 0.314978, 0.000044,-0.000733,-0.000162, 1.000000, 0.000089, 0.929216,-1.619314, 0.000102, 0.929275,-1.619622,-0.000432, 0.931625,-1.623268,-0.000400, 0.931084,-1.622994
 0.053350, 0.000010, 0.311967, 0.000040,-0.000442,-0.000167, 1.000000, 0.000101, 0.949417,-1.636808, 0.000112, 0.949479,-1.637114,-0.000446, 0.951038,-1.639306,-0.000411, 0.950469,-1.639017
 0.056434, 0.000012, 0.308751, 0.000033,-0.000053,-0.000172, 1.000000, 0.000105, 0.970113,-1.655502, 0.000132, 0.970173,-1.655798,-0.000455, 0.970644,-1.656063,-0.000422, 0.970050,-1.655763
 0.059431, 0.000014, 0.305339, 0.000026, 0.000443,-0.000175, 1.000000, 0.000105, 0.991251,-1.675347, 0.000157, 0.991303,-1.675622,-0.000459, 0.990360,-1.673460,-0.000430, 0.989742,-1.673147
 0.062330, 0.000016, 0.301742, 0.000017, 0.001059,-0.000176, 0.999999, 0.000109, 1.012748,-1.696275, 0.000176, 1.012793,-1.696521,-0.000460, 1.010089,-1.691425,-0.000435, 1.009444,-1.691092
 0.065117, 0.000019, 0.297970, 0.000007, 0.001807,-0.000174, 0.999998, 0.000127, 1.034511,-1.718216, 0.000179, 1.034554,-1.718431,-0.000457, 1.029723,-1.709887,-0.000436, 1.029050,-1.709522
 0.067779, 0.000021, 0.294040,-0.000004, 0.002697,-0.000171, 0.999996, 0.000155, 1.056454,-1.741096, 0.000174, 1.056502,-1.741286,-0.000455, 1.049151,-1.728751,-0.000428, 1.048451,-1.728352
 0.070307, 0.000024, 0.289969,-0.000015, 0.003739,-0.000167, 0.999993, 0.000177, 1.078517,-1.764850, 0.000178, 1.078574,-1.765018,-0.000458, 1.068258,-1.747893,-0.000407, 1.067539,-1.747471
 0.072690, 0.000025, 0.285776,-0.000026, 0.004937,-0.000164, 0.999988, 0.000186, 1.100651,-1.789404, 0.000202, 1.100716,-1.789552,-0.000460, 1.086922,-1.767171,-0.000381, 1.086195,-1.766747
 0.074914, 0.000026, 0.281484,-0.000035, 0.006297,-0.000161, 0.999980, 0.000190, 1.122769,-1.814669, 0.000239, 1.122839,-1.814795,-0.000445, 1.105000,-1.786459,-0.000367, 1.104274,-1.786052
 0.076954, 0.000025, 0.277115,-0.000045, 0.007822,-0.000159, 0.999969, 0.000202, 1.144703,-1.840533, 0.000269, 1.144774,-1.840640,-0.000401, 1.122325,-1.805685,-0.000377, 1.121600,-1.805295
 0.078782, 0.000024, 0.272697,-0.000054, 0.009522,-0.000154, 0.999955, 0.000221, 1.166199,-1.866870, 0.000289, 1.166277,-1.866961,-0.000350, 1.138705,-1.824810,-0.000386, 1.137975,-1.824414
 0.080365, 0.000024, 0.268265,-0.000065, 0.011402,-0.000148, 0.999935, 0.000234, 1.187006,-1.893550, 0.000314, 1.187095,-1.893624,-0.000339, 1.153938,-1.843770,-0.000350, 1.153194,-1.843342
 0.081681, 0.000022, 0.263851,-0.000077, 0.013456,-0.000142, 0.999909, 0.000255, 1.206949,-1.920448, 0.000342, 1.207051,-1.920499,-0.000378, 1.167819,-1.862413,-0.000262, 1.167053,-1.861956
 0.082710, 0.000019, 0.259491,-0.000087, 0.015672,-0.000141, 0.999877, 0.000313, 1.225906,-1.947449, 0.000356, 1.226014,-1.947474,-0.000395, 1.180135,-1.880540,-0.000191, 1.179351,-1.880086
 0.083419, 0.000012, 0.255222,-0.000093, 0.018030,-0.000144, 0.999837, 0.000395, 1.243670,-1.974427, 0.000377, 1.243790,-1.974472,-0.000313, 1.190653,-1.897998,-0.000209, 1.189872,-1.897593
 0.083759, 0.000001, 0.251090,-0.000093, 0.020516,-0.000151, 0.999790, 0.000447, 1.259807,-2.001228, 0.000451, 1.259964,-2.001352,-0.000177, 1.199107,-1.914789,-0.000271, 1.198355,-1.914451
 0.083674,-0.000013, 0.247147,-0.000084, 0.023117,-0.000154, 0.999733, 0.000454, 1.273756,-2.027654, 0.000586, 1.273997,-2.027908,-0.000140, 1.205206,-1.930963,-0.000243, 1.204503,-1.930706
 0.083115,-0.000029, 0.243439,-0.000071, 0.025792,-0.000155, 0.999667, 0.000501, 1.285086,-2.053477, 0.000690, 1.285419,-2.053851,-0.000235, 1.208730,-1.946498,-0.000094, 1.208062,-1.946320
 0.082030,-0.000043, 0.240015,-0.000061, 0.028451,-0.000160, 0.999595, 0.000630, 1.293464,-2.078450, 0.000695, 1.293870,-2.078911,-0.000277, 1.209468,-1.961221, 0.000007, 1.208821,-1.961108
 0.080342,-0.000054, 0.236932,-0.000059, 0.030979,-0.000168, 0.999520, 0.000735, 1.298381,-2.102298, 0.000689, 1.298816,-2.102807,-0.000131, 1.207198,-1.975065,-0.000064, 1.206554,-1.974967
 0.077968,-0.000061, 0.234246,-0.000063, 0.033304,-0.000164, 0.999445, 0.000704, 1.299112,-2.124750, 0.000820, 1.299542,-2.125278, 0.000017, 1.201664,-1.988149,-0.000138, 1.200982,-1.988027
 0.074811,-0.000063, 0.232004,-0.000075, 0.035362,-0.000153, 0.999375, 0.000684, 1.294679,-2.145368, 0.000957, 1.295108,-2.145909,-0.000064, 1.192540,-2.000670, 0.000015, 1.191819,-2.000536
 0.070746,-0.000061, 0.230243,-0.000103, 0.036981,-0.000161, 0.999316, 0.000862, 1.284240,-2.163625, 0.000869, 1.284665,-2.164151,-0.000132, 1.179509,-2.012591, 0.000191, 1.178825,-2.012469
 0.065677,-0.000055, 0.228989,-0.000135, 0.037983,-0.000162, 0.999278, 0.000969, 1.267417,-2.179164, 0.000822, 1.267793,-2.179593, 0.000102, 1.162341,-2.023669, 0.000085, 1.161689,-2.023526
 0.059450,-0.000040, 0.228291,-0.000173, 0.038219,-0.000124, 0.999269, 0.000850, 1.243018,-2.191121, 0.001005, 1.243391,-2.191435, 0.000207, 1.140639,-2.034132, 0.000095, 1.139937,-2.033920
 0.051894,-0.000013, 0.228182,-0.000247, 0.037502,-0.000096, 0.999297, 0.000759, 1.209950,-2.198511, 0.001001, 1.210301,-2.198614, 0.000137, 1.113923,-2.044084, 0.000337, 1.113170,-2.043657
 0.042831, 0.000025, 0.228870,-0.000333, 0.035480,-0.000079, 0.999370, 0.000805, 1.166755,-2.198579, 0.000838, 1.167096,-2.198481, 0.000263, 1.081254,-2.052051, 0.000384, 1.080528,-2.051421
 0.032442, 0.000092, 0.233132,-0.000471, 0.030680,-0.000023, 0.999529, 0.000565, 1.108010,-2.172890, 0.000806, 1.108059,-2.172130, 0.000309, 1.038926,-2.044865, 0.000405, 1.038038,-2.043809
 0.021063, 0.000181, 0.243916,-0.000630, 0.022515, 0.000010, 0.999746, 0.000505, 1.030338,-2.101718, 0.000505, 1.030193,-2.100261, 0.000299, 0.983139,-2.006432, 0.000467, 0.982128,-2.004798
 0.008078, 0.000296, 0.263838,-0.000792, 0.009996, 0.000063, 0.999950, 0.000280, 0.930244,-1.965097, 0.000430, 0.929929,-1.962996, 0.000362, 0.910015,-1.921015, 0.000368, 0.908923,-1.918839
-0.006785, 0.000261, 0.294127,-0.000675,-0.005997,-0.000020, 0.999982, 0.000509, 0.802808,-1.745926, 0.000545, 0.802417,-1.744146, 0.000210, 0.816204,-1.774381, 0.000283, 0.814954,-1.772249
-0.027524, 0.000248, 0.341218,-0.000667,-0.003106,-0.000033, 0.999995, 0.002102, 0.716870,-1.600848,-0.000763, 0.716590,-1.599492, 0.002321, 0.757874,-1.682247,-0.001852, 0.756587,-1.680318
-0.048000, 0.000236, 0.383707,-0.000662,-0.001720,-0.000041, 0.999998, 0.003369, 0.670770,-1.513306,-0.001792, 0.670721,-1.512386, 0.004502, 0.731704,-1.632503,-0.003949, 0.730461,-1.630821
-0.068211, 0.000222, 0.421764,-0.000659,-0.001694,-0.000046, 0.999998, 0.004320, 0.658117,-1.473611,-0.002553, 0.658358,-1.473084, 0.006683, 0.732244,-1.617378,-0.005990, 0.731094,-1.615928
-0.088189, 0.000208, 0.455510,-0.000654,-0.002804,-0.000050, 0.999996, 0.004994, 0.672679,-1.472231,-0.003079, 0.673213,-1.472023, 0.008777, 0.754119,-1.629191,-0.007922, 0.753083,-1.627929
-0.107985, 0.000194, 0.485037,-0.000648,-0.004777,-0.000054, 0.999988, 0.005438, 0.708304,-1.499747,-0.003414, 0.709089,-1.499775, 0.010698, 0.792007,-1.660330,-0.009679, 0.791087,-1.659209
-0.127660, 0.000180, 0.510428,-0.000639,-0.007316,-0.000058, 0.999973, 0.005702, 0.758866,-1.546827,-0.003601, 0.759837,-1.547011, 0.012365, 0.840630,-1.703241,-0.011195, 0.839814,-1.702214
-0.147275, 0.000166, 0.531767,-0.000627,-0.010120,-0.000063, 0.999949, 0.005830, 0.818245,-1.604192,-0.003677, 0.819329,-1.604465, 0.013714, 0.894744,-1.750399,-0.012411, 0.894011,-1.749433
-0.166889, 0.000153, 0.549147,-0.000613,-0.012901,-0.000069, 0.999917, 0.005855, 0.880310,-1.662592,-0.003670, 0.881438,-1.662903, 0.014703, 0.949130,-1.794298,-0.013290, 0.948456,-1.793370
-0.186548, 0.000139, 0.562675,-0.000598,-0.015391,-0.000076, 0.999881, 0.005802, 0.938924,-1.712782,-0.003600, 0.940042,-1.713097, 0.015315, 0.998585,-1.827429,-0.013813, 0.997949,-1.826526
-0.206286, 0.000126, 0.572469,-0.000581,-0.017348,-0.000084, 0.999849, 0.005689, 0.987949,-1.745494,-0.003480, 0.989020,-1.745797, 0.015554, 1.037918,-1.842257,-0.013985, 1.037302,-1.841372
-0.226124, 0.000113, 0.578651,-0.000564,-0.018555,-0.000092, 0.999828, 0.005522, 1.021291,-1.751413,-0.003313, 1.022293,-1.751699, 0.015443, 1.061947,-1.831194,-0.013826, 1.061337,-1.830327
-0.246062, 0.000100, 0.581288,-0.000547,-0.018914,-0.000100, 0.999821, 0.005309, 1.035708,-1.725978,-0.003108, 1.036629,-1.726248, 0.015014, 1.067936,-1.790632,-0.013365, 1.067326,-1.789786
-0.266095, 0.000088, 0.580386,-0.000528,-0.018427,-0.000108, 0.999830, 0.005055, 1.030562,-1.669313,-0.002872, 1.031391,-1.669569, 0.014303, 1.055405,-1.721011,-0.012637, 1.054791,-1.720187
-0.286223, 0.000076, 0.575889,-0.000509,-0.017173,-0.000116, 0.999852, 0.004762, 1.007670,-1.586435,-0.002610, 1.008394,-1.586672, 0.013345, 1.026066,-1.627139,-0.011675, 1.025449,-1.626340
-0.306455, 0.000063, 0.567683,-0.000489,-0.015292,-0.000124, 0.999883, 0.004432, 0.971304,-1.487713,-0.002330, 0.971900,-1.487922, 0.012179, 0.983913,-1.518763,-0.010516, 0.983291,-1.517992
-0.326802, 0.000051, 0.555659,-0.000468,-0.012891,-0.000132, 0.999917, 0.004062, 0.925697,-1.383463,-0.002031, 0.926136,-1.383626, 0.010851, 0.932918,-1.405580,-0.009205, 0.932291,-1.404841
-0.347277, 0.000039, 0.539721,-0.000446,-0.010049,-0.000140, 0.999949, 0.003646, 0.875029,-1.283988,-0.001712, 0.875279,-1.284083, 0.009407, 0.877032,-1.297270,-0.007786, 0.876397,-1.296567
-0.367886, 0.000028, 0.519789,-0.000422,-0.006826,-0.000148, 0.999977, 0.003182, 0.823445,-1.199614,-0.001369, 0.823480,-1.199621, 0.007895, 0.820196,-1.203528,-0.006307, 0.819548,-1.202871
-0.388621, 0.000016, 0.495793,-0.000396,-0.003273,-0.000156, 0.999995, 0.002673, 0.775076,-1.140729,-0.000999, 0.774884,-1.140638, 0.006359, 0.766351,-1.134107,-0.004812, 0.765682,-1.133506
-0.409464, 0.000005, 0.467675,-0.000368, 0.000553,-0.000164, 1.000000, 0.002130, 0.734072,-1.117819,-0.000603, 0.733657,-1.117632, 0.004838, 0.719443,-1.098841,-0.003342, 0.718745,-1.098308
-0.430387,-0.000006, 0.435370,-0.000340, 0.004567,-0.000173, 0.999989, 0.001576, 0.704627,-1.141491,-0.000188, 0.704018,-1.141227, 0.003361, 0.683439,-1.107679,-0.001926, 0.682708,-1.107225
-0.451346,-0.000017, 0.398798,-0.000311, 0.008639,-0.000181, 0.999963, 0.001047, 0.691034,-1.222478, 0.000227, 0.690268,-1.222171, 0.001944, 0.662345,-1.170698,-0.000584, 0.661580,-1.170325
-0.472281,-0.000028, 0.357838,-0.000283, 0.012548,-0.000190, 0.999921, 0.000600, 0.697742,-1.371617, 0.000599, 0.696849,-1.371305, 0.000594, 0.660237,-1.298108, 0.000680, 0.659446,-1.297801
-0.493137,-0.000039, 0.335412,-0.000237, 0.018043,-0.000210, 0.999837, 0.000589, 0.708003,-1.545301, 0.000603, 0.707089,-1.545054, 0.000585, 0.661780,-1.448878, 0.000588, 0.660964,-1.448640
-0.510283,-0.000043, 0.315938,-0.000201, 0.021081,-0.000219, 0.999778, 0.000619, 0.703248,-1.672732, 0.000534, 0.702336,-1.672563, 0.000503, 0.656959,-1.568032, 0.000612, 0.656115,-1.567851
-0.523901,-0.000056, 0.299731,-0.000149, 0.022247,-0.000220, 0.999752, 0.000496, 0.691683,-1.765651, 0.000633, 0.690757,-1.765631, 0.000471, 0.648818,-1.659949, 0.000596, 0.647985,-1.659832
-0.534401,-0.000069, 0.287006,-0.000094, 0.022292,-0.000226, 0.999751, 0.000560, 0.676471,-1.829846, 0.000543, 0.675505,-1.829920, 0.000480, 0.638820,-1.727911, 0.000537, 0.637978,-1.727892
-0.542061,-0.000067, 0.277839,-0.000065, 0.021930,-0.000226, 0.999759, 0.000561, 0.661718,-1.872193, 0.000497, 0.660671,-1.872226, 0.000405, 0.628721,-1.774720, 0.000507, 0.627813,-1.774720
-0.547056,-0.000066, 0.272150,-0.000037, 0.021600,-0.000237, 0.999767, 0.000483, 0.650114,-1.896775, 0.000512, 0.648979,-1.896747, 0.000391, 0.619819,-1.801891, 0.000406, 0.618899,-1.801892
-0.549560,-0.000071, 0.269697,-0.000003, 0.021774,-0.000248, 0.999763, 0.000476, 0.642455,-1.906969, 0.000444, 0.641235,-1.906914, 0.000333, 0.613153,-1.812069, 0.000360, 0.612227,-1.812074
-0.549721,-0.000070, 0.270136, 0.000018, 0.022632,-0.000250, 0.999744, 0.000459, 0.639671,-1.906071, 0.000392, 0.638419,-1.906042, 0.000223, 0.609425,-1.807622, 0.000347, 0.608447,-1.807588
-0.547950,-0.000070, 0.272844, 0.000036, 0.023896,-0.000252, 0.999714, 0.000368, 0.641533,-1.896436, 0.000437, 0.640342,-1.896501, 0.000160, 0.608430,-1.791669, 0.000292, 0.607434,-1.791624
-0.544772,-0.000073, 0.277083, 0.000058, 0.025183,-0.000263, 0.999683, 0.000365, 0.646691,-1.879923, 0.000415, 0.645603,-1.880111, 0.000175, 0.609682,-1.768000, 0.000165, 0.608725,-1.767997
-0.540604,-0.000074, 0.282265, 0.000077, 0.026309,-0.000271, 0.999654, 0.000381, 0.653915,-1.858426, 0.000367, 0.652889,-1.858706, 0.000089, 0.612834,-1.739976, 0.000131, 0.611917,-1.740016
-0.535794,-0.000073, 0.287906, 0.000091, 0.027070,-0.000278, 0.999633, 0.000359, 0.662495,-1.833514, 0.000333, 0.661487,-1.833845,-0.000004, 0.617478,-1.709881, 0.000105, 0.616584,-1.709941
-0.530639,-0.000070, 0.293639, 0.000101, 0.027351,-0.000287, 0.999626, 0.000319, 0.671800,-1.806440, 0.000305, 0.670809,-1.806798,-0.000044, 0.623257,-1.679373, 0.000030, 0.622379,-1.679441
-0.525402,-0.000065, 0.299206, 0.000109, 0.027141,-0.000296, 0.999632, 0.000271, 0.681078,-1.778216, 0.000285, 0.680120,-1.778595,-0.000080, 0.629840,-1.649854,-0.000053, 0.628977,-1.649926
-0.520296,-0.000059, 0.304435, 0.000115, 0.026496,-0.000303, 0.999649, 0.000233, 0.689701,-1.749673, 0.000253, 0.688787,-1.750079,-0.000133, 0.636947,-1.622355,-0.000117, 0.636094,-1.622414
-0.515477,-0.000053, 0.309231, 0.000121, 0.025478,-0.000307, 0.999675, 0.000211, 0.697373,-1.721542, 0.000201, 0.696505,-1.721980,-0.000197, 0.644349,-1.597451,-0.000163, 0.643496,-1.597481
-0.511053,-0.000048, 0.313550, 0.000127, 0.024142,-0.000310, 0.999708, 0.000186, 0.704052,-1.694420, 0.000151, 0.703229,-1.694888,-0.000261, 0.651840,-1.575362,-0.000202, 0.650981,-1.575361
-0.507092,-0.000042, 0.317386, 0.000133, 0.022554,-0.000314, 0.999746, 0.000145, 0.709742,-1.668726, 0.000122, 0.708956,-1.669215,-0.000310, 0.659236,-1.556122,-0.000248, 0.658375,-1.556102
-0.503638,-0.000037, 0.320748, 0.000138, 0.020788,-0.000318, 0.999784, 0.000098, 0.714387,-1.644718, 0.000109, 0.713629,-1.645216,-0.000345, 0.666370,-1.539693,-0.000303, 0.665513,-1.539666
-0.500711,-0.000032, 0.323661, 0.000143, 0.018915,-0.000322, 0.999821, 0.000059, 0.717937,-1.622546, 0.000092, 0.717196,-1.623044,-0.000375, 0.673098,-1.525985,-0.000353, 0.672248,-1.525956
-0.498309,-0.000027, 0.326158, 0.000146, 0.016999,-0.000324, 0.999855, 0.000039, 0.720423,-1.602300, 0.000061, 0.719698,-1.602795,-0.000409, 0.679309,-1.514826,-0.000390, 0.678463,-1.514789
-0.496404,-0.000023, 0.328278, 0.000149, 0.015084,-0.000324, 0.999886, 0.000031, 0.721977,-1.584031, 0.000022, 0.721273,-1.584523,-0.000444, 0.684938,-1.505955,-0.000413, 0.684094,-1.505902
-0.494956,-0.000019, 0.330062, 0.000151, 0.013204,-0.000322, 0.999913, 0.000021, 0.722769,-1.567743,-0.000009, 0.722091,-1.568234,-0.000473, 0.689952,-1.499073,-0.000431, 0.689111,-1.498998
-0.493916,-0.000016, 0.331549, 0.000152, 0.011389,-0.000318, 0.999935, 0.000002, 0.722942,-1.553389,-0.000023, 0.722292,-1.553882,-0.000489, 0.694338,-1.493891,-0.000448, 0.693501,-1.493796
-0.493236,-0.000014, 0.332773, 0.000152, 0.009666,-0.000313, 0.999953,-0.000020, 0.722593,-1.540878,-0.000025, 0.721970,-1.541371,-0.000494, 0.698090,-1.490154,-0.000464, 0.697263,-1.490046
-0.492867,-0.000012, 0.333765, 0.000151, 0.008060,-0.000307, 0.999967,-0.000037, 0.721793,-1.530086,-0.000026, 0.721194,-1.530575,-0.000494, 0.701211,-1.487638,-0.000473, 0.700400,-1.487526
-0.492761,-0.000011, 0.334556, 0.000150, 0.006586,-0.000301, 0.999978,-0.000044, 0.720621,-1.520880,-0.000029, 0.720041,-1.521360,-0.000492, 0.703726,-1.486128,-0.000474, 0.702938,-1.486021
-0.492867,-0.000010, 0.335171, 0.000147, 0.005252,-0.000294, 0.999986,-0.000043, 0.719173,-1.513130,-0.000036, 0.718610,-1.513595,-0.000488, 0.705679,-1.485420,-0.000466, 0.704917,-1.485322
-0.493138,-0.000009, 0.335638, 0.000143, 0.004061,-0.000285, 0.999992,-0.000040, 0.717549,-1.506711,-0.000043, 0.717004,-1.507159,-0.000480, 0.707125,-1.485330,-0.000454, 0.706392,-1.485239
-0.493530,-0.000008, 0.335979, 0.000138, 0.003012,-0.000274, 0.999995,-0.000039, 0.715839,-1.501502,-0.000048, 0.715314,-1.501930,-0.000466, 0.708128,-1.485699,-0.000440, 0.707423,-1.485610
-0.494006,-0.000007, 0.336215, 0.000132, 0.002105,-0.000261, 0.999998,-0.000041, 0.714111,-1.497380,-0.000050, 0.713609,-1.497786,-0.000447, 0.708743,-1.486398,-0.000423, 0.708066,-1.486305
-0.494535,-0.000006, 0.336361, 0.000126, 0.001337,-0.000247, 0.999999,-0.000045, 0.712411,-1.494225,-0.000050, 0.711934,-1.494605,-0.000423, 0.709025,-1.487324,-0.000404, 0.708378,-1.487225
-0.495091,-0.000005, 0.336435, 0.000118, 0.000700,-0.000232, 1.000000,-0.000048, 0.710773,-1.491917,-0.000050, 0.710320,-1.492268,-0.000398, 0.709024,-1.488392,-0.000381, 0.708410,-1.488291
-0.495653,-0.000004, 0.336447, 0.000110, 0.000189,-0.000216, 1.000000,-0.000050, 0.709221,-1.490347,-0.000047, 0.708792,-1.490667,-0.000370, 0.708786,-1.489534,-0.000355, 0.708213,-1.489441
-0.496204,-0.000004, 0.336411, 0.000102,-0.000207,-0.000200, 1.000000,-0.000048, 0.707777,-1.489413,-0.000045, 0.707372,-1.489703,-0.000339, 0.708358,-1.490700,-0.000325, 0.707831,-1.490621
-0.496733,-0.000004, 0.336336, 0.000093,-0.000498,-0.000182, 1.000000,-0.000044, 0.706459,-1.489024,-0.000043, 0.706081,-1.489284,-0.000307, 0.707785,-1.491851,-0.000292, 0.707305,-1.491789
-0.497230,-0.000004, 0.336230, 0.000084,-0.000695,-0.000164, 1.000000,-0.000041, 0.705278,-1.489096,-0.000043, 0.704930,-1.489328,-0.000273, 0.707104,-1.492962,-0.000257, 0.706671,-1.492914
-0.497688,-0.000004, 0.336102, 0.000075,-0.000810,-0.000145, 1.000000,-0.000039, 0.704240,-1.489555,-0.000042, 0.703922,-1.489758,-0.000237, 0.706351,-1.494016,-0.000222, 0.705965,-1.493976
-0.498105,-0.000004, 0.335957, 0.000065,-0.000853,-0.000126, 1.000000,-0.000036, 0.703342,-1.490331,-0.000039, 0.703055,-1.490501,-0.000201, 0.705553,-1.494999,-0.000190, 0.705216,-1.494967
-0.498479,-0.000003, 0.335802, 0.000055,-0.000836,-0.000107, 1.000000,-0.000033, 0.702579,-1.491354,-0.000037, 0.702325,-1.491489,-0.000165, 0.704736,-1.495904,-0.000157, 0.704446,-1.495883
-0.498810,-0.000003, 0.335641, 0.000045,-0.000772,-0.000089, 1.000000,-0.000032, 0.701944,-1.492552,-0.000034, 0.701719,-1.492658,-0.000130, 0.703921,-1.496731,-0.000122, 0.703677,-1.496720
-0.499099,-0.000002, 0.335480, 0.000035,-0.000671,-0.000071, 1.000000,-0.000030, 0.701419,-1.493858,-0.000030, 0.701226,-1.493937,-0.000099, 0.703126,-1.497478,-0.000090, 0.702930,-1.497473
-0.499348,-0.000002, 0.335323, 0.000026,-0.000546,-0.000054, 1.000000,-0.000025, 0.700991,-1.495205,-0.000026, 0.700834,-1.495256,-0.000070, 0.702372,-1.498141,-0.000064, 0.702221,-1.498142
-0.499558,-0.000001, 0.335176, 0.000018,-0.000409,-0.000039, 1.000000,-0.000020, 0.700651,-1.496522,-0.000021, 0.700528,-1.496552,-0.000046, 0.701680,-1.498716,-0.000040, 0.701570,-1.498724
-0.499729,-0.000001, 0.335045, 0.000011,-0.000273,-0.000026, 1.000000,-0.000017, 0.700387,-1.497737,-0.000017, 0.700298,-1.497758,-0.000025, 0.701073,-1.499199,-0.000019, 0.701001,-1.499209
-0.499861,-0.000000, 0.334935, 0.000006,-0.000150,-0.000014, 1.000000,-0.000010, 0.700191,-1.498775,-0.000013, 0.700142,-1.498790,-0.000009, 0.700571,-1.499583,-0.000007, 0.700532,-1.499589
-0.499952,-0.000000, 0.334855, 0.000002,-0.000055,-0.000005, 1.000000,-0.000004, 0.700065,-1.499559,-0.000007, 0.700047,-1.499566,-0.000002, 0.700203,-1.499854,-0.000001, 0.700188,-1.499857
-0.500000, 0.000000, 0.334810, 0.000000,-0.000000,-0.000000, 1.000000,-0.000001, 0.700000,-1.500000,-0.000001, 0.700000,-1.500000,-0.000000, 0.700000,-1.500000,-0.000000, 0.700000,-1.500000
-0.500000, 0.000000, 0.334810, 0.000000, 0.000000, 0.000000, 1.000000, 0.000000, 0.700000,-1.500000, 0.000000, 0.700000,-1.500000, 0.000000, 0.700000,-1.500000, 0.000000, 0.700000,-1.500000
